"","Replicate.Name","Protein.Name","Precursor.Ion.Name","Precursor.Mz","Product.Mz","Retention.Time","Area","Background","Start.Time","End.Time","Height"
"1","160802_Std_StdsInDiatomMatrix_1","Kynurenine pathway","Picolinic Acid",124.0142,106.0652,"7.56","309069088","17731296","6.94","8","13010970"
"2","160802_Std_StdsInDiatomMatrix_2","Kynurenine pathway","Picolinic Acid",124.0142,106.0652,"6.53","518658496","39084920","4.97","7.48","9026600"
"3","160802_Std_StdsInWater_5","Kynurenine pathway","Picolinic Acid",124.0142,106.0652,"7.59","333757216","24335504","7.02","8.5","11013891"
"4","160802_Std_StdsInWater_6","Kynurenine pathway","Picolinic Acid",124.0142,106.0652,"6.3","616037888","29769410","4.87","7.2","11644708"
"5","160802_Blk_0801_FilterBlank","Kynurenine pathway","Picolinic Acid",124.0142,106.0652,"5.62","1987568","12026198","4.9","6","82443"
"6","160802_Blk_9","Kynurenine pathway","Picolinic Acid",124.0142,106.0652,"5.49","1177554","5593920","5.21","5.7","84058"
"7","160802_Poo_0801_PooledDiatoms_1","Kynurenine pathway","Picolinic Acid",124.0142,106.0652,"6.27","11218994","15018819","5.57","6.98","318359"
"8","160802_Poo_0801_PooledDiatoms_2","Kynurenine pathway","Picolinic Acid",124.0142,106.0652,"6.4","11986887","13098831","5.77","7.01","291305"
"9","160802_Poo_0801_PooledDiatoms_3","Kynurenine pathway","Picolinic Acid",124.0142,106.0652,"6.31","10817325","17152726","5.66","7.22","318575"
"10","160802_Smp_Np12","Kynurenine pathway","Picolinic Acid",124.0142,106.0652,"6.75","343259","11994178","5.78","6.77","45788"
"11","160802_Smp_Np34","Kynurenine pathway","Picolinic Acid",124.0142,106.0652,"6.75","3433373","7806210","5.95","6.83","137132"
"12","160802_Smp_NP56","Kynurenine pathway","Picolinic Acid",124.0142,106.0652,"6.07","873128","9187694","5.81","6.59","75910"
"13","160802_Smp_Pt2","Kynurenine pathway","Picolinic Acid",124.0142,106.0652,"5.98","297822","7171762","5.8","6.38","48491"
"14","160802_Smp_Pt34","Kynurenine pathway","Picolinic Acid",124.0142,106.0652,"5.82","835363","6779884","5.71","6.38","58308"
"15","160802_Smp_Pt56","Kynurenine pathway","Picolinic Acid",124.0142,106.0652,"#N/A","#N/A","#N/A","#N/A","#N/A","#N/A"
"16","160802_Smp_Tp12","Kynurenine pathway","Picolinic Acid",124.0142,106.0652,"6.42","17516272","13375403","5.56","6.92","400384"
"17","160802_Smp_Tp34","Kynurenine pathway","Picolinic Acid",124.0142,106.0652,"6.35","17447436","21886788","5.56","7.39","389301"
"18","160802_Smp_TP56","Kynurenine pathway","Picolinic Acid",124.0142,106.0652,"6.39","14706508","16099807","5.71","7.02","372637"
"19","160802_Std_StdsInDiatomMatrix_1","Kynurenine pathway","Picolinic Acid",124.0142,78.109,"7.59","350872768","6373197","6.94","8","13675111"
"20","160802_Std_StdsInDiatomMatrix_2","Kynurenine pathway","Picolinic Acid",124.0142,78.109,"6.68","611715136","9205414","4.97","7.48","9641311"
"21","160802_Std_StdsInWater_5","Kynurenine pathway","Picolinic Acid",124.0142,78.109,"7.74","381761888","5623662","7.02","8.5","11863105"
"22","160802_Std_StdsInWater_6","Kynurenine pathway","Picolinic Acid",124.0142,78.109,"6.3","711824256","7528688","4.87","7.2","14136329"
"23","160802_Blk_0801_FilterBlank","Kynurenine pathway","Picolinic Acid",124.0142,78.109,"#N/A","#N/A","#N/A","#N/A","#N/A","#N/A"
"24","160802_Blk_9","Kynurenine pathway","Picolinic Acid",124.0142,78.109,"5.45","96287","12204","5.21","5.7","8223"
"25","160802_Poo_0801_PooledDiatoms_1","Kynurenine pathway","Picolinic Acid",124.0142,78.109,"6.29","11453862","61407","5.57","6.98","319282"
"26","160802_Poo_0801_PooledDiatoms_2","Kynurenine pathway","Picolinic Acid",124.0142,78.109,"6.4","10093513","1202591","5.77","7.01","301326"
"27","160802_Poo_0801_PooledDiatoms_3","Kynurenine pathway","Picolinic Acid",124.0142,78.109,"6.24","11090596","14082","5.66","7.22","316920"
"28","160802_Smp_Np12","Kynurenine pathway","Picolinic Acid",124.0142,78.109,"6.76","44033","144656","5.78","6.77","9085"
"29","160802_Smp_Np34","Kynurenine pathway","Picolinic Acid",124.0142,78.109,"6.81","205155","0","5.95","6.83","14836"
"30","160802_Smp_NP56","Kynurenine pathway","Picolinic Acid",124.0142,78.109,"6.24","166827","56229","5.81","6.59","18085"
"31","160802_Smp_Pt2","Kynurenine pathway","Picolinic Acid",124.0142,78.109,"6.13","144120","35577","5.8","6.38","16789"
"32","160802_Smp_Pt34","Kynurenine pathway","Picolinic Acid",124.0142,78.109,"6.37","44040","13935","5.71","6.38","7867"
"33","160802_Smp_Pt56","Kynurenine pathway","Picolinic Acid",124.0142,78.109,"5.31","34105","0","5.25","5.53","5686"
"34","160802_Smp_Tp12","Kynurenine pathway","Picolinic Acid",124.0142,78.109,"6.4","18263846","323610","5.56","6.92","468667"
"35","160802_Smp_Tp34","Kynurenine pathway","Picolinic Acid",124.0142,78.109,"6.24","21080536","0","5.56","7.39","535526"
"36","160802_Smp_TP56","Kynurenine pathway","Picolinic Acid",124.0142,78.109,"6.33","17758300","1027477","5.71","7.02","530287"
"37","160802_Std_StdsInDiatomMatrix_1","Organic Acid","Ketoglutaric Acid",145.0319,101.014,"12.51","5825093","41974","12.13","12.87","443619"
"38","160802_Std_StdsInDiatomMatrix_2","Organic Acid","Ketoglutaric Acid",145.0319,101.014,"12.3","8589086","6650","12.04","12.68","646952"
"39","160802_Std_StdsInWater_5","Organic Acid","Ketoglutaric Acid",145.0319,101.014,"12.51","3954943","30077","12.21","12.95","256664"
"40","160802_Std_StdsInWater_6","Organic Acid","Ketoglutaric Acid",145.0319,101.014,"12.29","6021978","0","12.09","12.65","481734"
"41","160802_Blk_0801_FilterBlank","Organic Acid","Ketoglutaric Acid",145.0319,101.014,"13.35","31703","0","12.66","13.4","3862"
"42","160802_Blk_9","Organic Acid","Ketoglutaric Acid",145.0319,101.014,"13.07","48403","0","12.33","13.19","9857"
"43","160802_Poo_0801_PooledDiatoms_1","Organic Acid","Ketoglutaric Acid",145.0319,101.014,"12.33","3756175","5067","12.15","12.75","298204"
"44","160802_Poo_0801_PooledDiatoms_2","Organic Acid","Ketoglutaric Acid",145.0319,101.014,"12.35","3956858","24064","12.03","12.65","334690"
"45","160802_Poo_0801_PooledDiatoms_3","Organic Acid","Ketoglutaric Acid",145.0319,101.014,"12.33","3646732","105235","11.99","12.72","255602"
"46","160802_Smp_Np12","Organic Acid","Ketoglutaric Acid",145.0319,101.014,"12.54","949797","0","12.19","12.87","83773"
"47","160802_Smp_Np34","Organic Acid","Ketoglutaric Acid",145.0319,101.014,"12.44","651035","9269","12.3","12.63","69134"
"48","160802_Smp_NP56","Organic Acid","Ketoglutaric Acid",145.0319,101.014,"12.44","831867","53","12.17","12.68","69071"
"49","160802_Smp_Pt2","Organic Acid","Ketoglutaric Acid",145.0319,101.014,"12.49","2361409","0","12.11","12.91","173644"
"50","160802_Smp_Pt34","Organic Acid","Ketoglutaric Acid",145.0319,101.014,"12.41","4215411","66719","12.09","12.72","329272"
"51","160802_Smp_Pt56","Organic Acid","Ketoglutaric Acid",145.0319,101.014,"12.43","5933071","28833","12.12","12.81","461475"
"52","160802_Smp_Tp12","Organic Acid","Ketoglutaric Acid",145.0319,101.014,"12.5","3054234","7698","12.29","12.92","213642"
"53","160802_Smp_Tp34","Organic Acid","Ketoglutaric Acid",145.0319,101.014,"12.43","2725178","7582","12.19","12.73","202731"
"54","160802_Smp_TP56","Organic Acid","Ketoglutaric Acid",145.0319,101.014,"12.36","3577522","9041","12.08","12.71","253965"
"55","160802_Std_StdsInDiatomMatrix_1","Organic Acid","Ketoglutaric Acid",145.0319,57.0843,"12.53","591473","0","12.13","12.87","68489"
"56","160802_Std_StdsInDiatomMatrix_2","Organic Acid","Ketoglutaric Acid",145.0319,57.0843,"12.28","840177","1889","12.04","12.68","80146"
"57","160802_Std_StdsInWater_5","Organic Acid","Ketoglutaric Acid",145.0319,57.0843,"12.49","351117","1198","12.21","12.95","30894"
"58","160802_Std_StdsInWater_6","Organic Acid","Ketoglutaric Acid",145.0319,57.0843,"12.29","512809","3073","12.09","12.65","36916"
"59","160802_Blk_0801_FilterBlank","Organic Acid","Ketoglutaric Acid",145.0319,57.0843,"12.66","0","0","12.66","13.4","0"
"60","160802_Blk_9","Organic Acid","Ketoglutaric Acid",145.0319,57.0843,"13.03","224","0","12.33","13.19","103"
"61","160802_Poo_0801_PooledDiatoms_1","Organic Acid","Ketoglutaric Acid",145.0319,57.0843,"12.39","375568","6471","12.15","12.75","33927"
"62","160802_Poo_0801_PooledDiatoms_2","Organic Acid","Ketoglutaric Acid",145.0319,57.0843,"12.33","286468","0","12.03","12.65","34349"
"63","160802_Poo_0801_PooledDiatoms_3","Organic Acid","Ketoglutaric Acid",145.0319,57.0843,"12.33","510795","7725","11.99","12.72","50762"
"64","160802_Smp_Np12","Organic Acid","Ketoglutaric Acid",145.0319,57.0843,"12.59","61116","0","12.19","12.87","12848"
"65","160802_Smp_Np34","Organic Acid","Ketoglutaric Acid",145.0319,57.0843,"12.51","74417","0","12.3","12.63","11291"
"66","160802_Smp_NP56","Organic Acid","Ketoglutaric Acid",145.0319,57.0843,"12.42","69650","0","12.17","12.68","10649"
"67","160802_Smp_Pt2","Organic Acid","Ketoglutaric Acid",145.0319,57.0843,"12.51","222285","256","12.11","12.91","27782"
"68","160802_Smp_Pt34","Organic Acid","Ketoglutaric Acid",145.0319,57.0843,"12.5","338699","1469","12.09","12.72","24490"
"69","160802_Smp_Pt56","Organic Acid","Ketoglutaric Acid",145.0319,57.0843,"12.34","729888","0","12.12","12.81","62631"
"70","160802_Smp_Tp12","Organic Acid","Ketoglutaric Acid",145.0319,57.0843,"12.53","396910","0","12.29","12.92","38532"
"71","160802_Smp_Tp34","Organic Acid","Ketoglutaric Acid",145.0319,57.0843,"12.47","184841","3123","12.19","12.73","33102"
"72","160802_Smp_TP56","Organic Acid","Ketoglutaric Acid",145.0319,57.0843,"12.42","453795","3477","12.08","12.71","64210"
"73","160802_Std_StdsInDiatomMatrix_1","Glycine metabolite","Sarcosine",90.032,44.142,"10.6","55090036","307871","10.3","10.96","4038700"
"74","160802_Std_StdsInDiatomMatrix_2","Glycine metabolite","Sarcosine",90.032,44.142,"10.52","55043824","563813","10.22","10.85","3903340"
"75","160802_Std_StdsInWater_5","Glycine metabolite","Sarcosine",90.032,44.142,"10.55","46198484","101074","10.25","10.98","2918536"
"76","160802_Std_StdsInWater_6","Glycine metabolite","Sarcosine",90.032,44.142,"10.49","55214092","434889","10.16","10.86","3402115"
"77","160802_Blk_0801_FilterBlank","Glycine metabolite","Sarcosine",90.032,44.142,"9.89","103094","0","9.89","10.57","7958"
"78","160802_Blk_9","Glycine metabolite","Sarcosine",90.032,44.142,"10.77","170342","2752","10.26","10.84","13928"
"79","160802_Poo_0801_PooledDiatoms_1","Glycine metabolite","Sarcosine",90.032,44.142,"10.59","9154462","12377","10.28","10.89","694283"
"80","160802_Poo_0801_PooledDiatoms_2","Glycine metabolite","Sarcosine",90.032,44.142,"10.61","8613185","7954","10.31","10.84","629702"
"81","160802_Poo_0801_PooledDiatoms_3","Glycine metabolite","Sarcosine",90.032,44.142,"10.59","10019797","54329","10.36","10.89","756368"
"82","160802_Smp_Np12","Glycine metabolite","Sarcosine",90.032,44.142,"10.64","118506","0","10.46","10.82","16810"
"83","160802_Smp_Np34","Glycine metabolite","Sarcosine",90.032,44.142,"10.5","41272","0","10.2","10.8","4855"
"84","160802_Smp_NP56","Glycine metabolite","Sarcosine",90.032,44.142,"10.36","51834","28438","10.13","10.77","9999"
"85","160802_Smp_Pt2","Glycine metabolite","Sarcosine",90.032,44.142,"10.6","9887673","39858","10.28","10.86","764499"
"86","160802_Smp_Pt34","Glycine metabolite","Sarcosine",90.032,44.142,"10.61","16536372","143810","10.34","10.92","1266493"
"87","160802_Smp_Pt56","Glycine metabolite","Sarcosine",90.032,44.142,"10.6","18887712","109741","10.37","10.9","1532128"
"88","160802_Smp_Tp12","Glycine metabolite","Sarcosine",90.032,44.142,"10.64","7656606","20238","10.36","10.89","627197"
"89","160802_Smp_Tp34","Glycine metabolite","Sarcosine",90.032,44.142,"10.6","7722681","25267","10.39","10.88","644952"
"90","160802_Smp_TP56","Glycine metabolite","Sarcosine",90.032,44.142,"10.59","8135701","61801","10.36","10.89","604721"
"91","160802_Std_StdsInDiatomMatrix_1","Glycine metabolite","Sarcosine",90.032,30.2064,"10.58","9508","0","10.3","10.96","1750"
"92","160802_Std_StdsInDiatomMatrix_2","Glycine metabolite","Sarcosine",90.032,30.2064,"10.4","45738","0","10.22","10.85","6685"
"93","160802_Std_StdsInWater_5","Glycine metabolite","Sarcosine",90.032,30.2064,"10.4","11012","0","10.25","10.98","2340"
"94","160802_Std_StdsInWater_6","Glycine metabolite","Sarcosine",90.032,30.2064,"10.58","60881","0","10.16","10.86","9774"
"95","160802_Blk_0801_FilterBlank","Glycine metabolite","Sarcosine",90.032,30.2064,"9.89","0","0","9.89","10.57","0"
"96","160802_Blk_9","Glycine metabolite","Sarcosine",90.032,30.2064,"10.26","0","0","10.26","10.84","0"
"97","160802_Poo_0801_PooledDiatoms_1","Glycine metabolite","Sarcosine",90.032,30.2064,"10.39","2945","0","10.28","10.89","349"
"98","160802_Poo_0801_PooledDiatoms_2","Glycine metabolite","Sarcosine",90.032,30.2064,"10.44","3072","0","10.31","10.84","409"
"99","160802_Poo_0801_PooledDiatoms_3","Glycine metabolite","Sarcosine",90.032,30.2064,"10.36","1669","1178","10.36","10.89","357"
"100","160802_Smp_Np12","Glycine metabolite","Sarcosine",90.032,30.2064,"10.46","0","0","10.46","10.82","0"
"101","160802_Smp_Np34","Glycine metabolite","Sarcosine",90.032,30.2064,"10.2","0","0","10.2","10.8","0"
"102","160802_Smp_NP56","Glycine metabolite","Sarcosine",90.032,30.2064,"10.13","0","0","10.13","10.77","0"
"103","160802_Smp_Pt2","Glycine metabolite","Sarcosine",90.032,30.2064,"10.49","553","0","10.28","10.86","69"
"104","160802_Smp_Pt34","Glycine metabolite","Sarcosine",90.032,30.2064,"10.39","2495","0","10.34","10.92","372"
"105","160802_Smp_Pt56","Glycine metabolite","Sarcosine",90.032,30.2064,"10.37","3933","0","10.37","10.9","299"
"106","160802_Smp_Tp12","Glycine metabolite","Sarcosine",90.032,30.2064,"10.39","5593","0","10.36","10.89","519"
"107","160802_Smp_Tp34","Glycine metabolite","Sarcosine",90.032,30.2064,"10.39","3867","341","10.39","10.88","975"
"108","160802_Smp_TP56","Glycine metabolite","Sarcosine",90.032,30.2064,"10.44","8845","0","10.36","10.89","1008"
"109","160802_Std_StdsInDiatomMatrix_1","Internal Std","13C Acetyl CoA",810.2043,463.1176,"10.84","1842083","8497","10.52","11.94","87937"
"110","160802_Std_StdsInDiatomMatrix_2","Internal Std","13C Acetyl CoA",810.2043,463.1176,"10.66","2973850","74","10.28","13.1","146666"
"111","160802_Std_StdsInWater_5","Internal Std","13C Acetyl CoA",810.2043,463.1176,"10.88","1377253","0","10.44","11.76","66398"
"112","160802_Std_StdsInWater_6","Internal Std","13C Acetyl CoA",810.2043,463.1176,"10.56","2442547","11293","10.2","11.66","130193"
"113","160802_Blk_0801_FilterBlank","Internal Std","13C Acetyl CoA",810.2043,463.1176,"10.88","719790","0","10.36","12","41078"
"114","160802_Blk_9","Internal Std","13C Acetyl CoA",810.2043,463.1176,"#N/A","#N/A","#N/A","#N/A","#N/A","#N/A"
"115","160802_Poo_0801_PooledDiatoms_1","Internal Std","13C Acetyl CoA",810.2043,463.1176,"10.98","763308","680","10.52","12.1","31948"
"116","160802_Poo_0801_PooledDiatoms_2","Internal Std","13C Acetyl CoA",810.2043,463.1176,"10.82","865014","0","10.5","12.28","28152"
"117","160802_Poo_0801_PooledDiatoms_3","Internal Std","13C Acetyl CoA",810.2043,463.1176,"10.9","779992","0","10.56","12.52","41631"
"118","160802_Smp_Np12","Internal Std","13C Acetyl CoA",810.2043,463.1176,"11.06","484198","0","10.62","12.52","22781"
"119","160802_Smp_Np34","Internal Std","13C Acetyl CoA",810.2043,463.1176,"10.91","596014","0","10.68","12.47","28867"
"120","160802_Smp_NP56","Internal Std","13C Acetyl CoA",810.2043,463.1176,"10.78","461511","0","10.52","12.36","20879"
"121","160802_Smp_Pt2","Internal Std","13C Acetyl CoA",810.2043,463.1176,"11.4","374368","6584","10.66","12.2","13708"
"122","160802_Smp_Pt34","Internal Std","13C Acetyl CoA",810.2043,463.1176,"10.81","646057","0","10.61","12.28","27365"
"123","160802_Smp_Pt56","Internal Std","13C Acetyl CoA",810.2043,463.1176,"10.84","542389","0","10.61","12.3","30195"
"124","160802_Smp_Tp12","Internal Std","13C Acetyl CoA",810.2043,463.1176,"10.86","498918","7709","10.66","11.84","18904"
"125","160802_Smp_Tp34","Internal Std","13C Acetyl CoA",810.2043,463.1176,"10.86","591120","14646","10.58","12.26","28685"
"126","160802_Smp_TP56","Internal Std","13C Acetyl CoA",810.2043,463.1176,"10.81","849916","9810","10.51","12.56","20490"
"127","160802_Std_StdsInDiatomMatrix_1","Internal Std","13C Acetyl CoA",810.2043,408.0569,"10.8","2437063","123419","10.52","11.94","117940"
"128","160802_Std_StdsInDiatomMatrix_2","Internal Std","13C Acetyl CoA",810.2043,408.0569,"10.6","3914495","22095","10.28","13.1","124129"
"129","160802_Std_StdsInWater_5","Internal Std","13C Acetyl CoA",810.2043,408.0569,"10.76","1900733","0","10.44","11.76","115028"
"130","160802_Std_StdsInWater_6","Internal Std","13C Acetyl CoA",810.2043,408.0569,"10.62","3821401","1276","10.2","11.66","184502"
"131","160802_Blk_0801_FilterBlank","Internal Std","13C Acetyl CoA",810.2043,408.0569,"10.88","1030398","0","10.36","12","47157"
"132","160802_Blk_9","Internal Std","13C Acetyl CoA",810.2043,408.0569,"10.52","4154","0","10.48","10.58","1680"
"133","160802_Poo_0801_PooledDiatoms_1","Internal Std","13C Acetyl CoA",810.2043,408.0569,"10.72","1135267","3842","10.52","12.1","27356"
"134","160802_Poo_0801_PooledDiatoms_2","Internal Std","13C Acetyl CoA",810.2043,408.0569,"10.9","1311426","0","10.5","12.28","47884"
"135","160802_Poo_0801_PooledDiatoms_3","Internal Std","13C Acetyl CoA",810.2043,408.0569,"10.8","1119002","0","10.56","12.52","45099"
"136","160802_Smp_Np12","Internal Std","13C Acetyl CoA",810.2043,408.0569,"11","767042","0","10.62","12.52","30676"
"137","160802_Smp_Np34","Internal Std","13C Acetyl CoA",810.2043,408.0569,"10.77","837422","0","10.68","12.47","31976"
"138","160802_Smp_NP56","Internal Std","13C Acetyl CoA",810.2043,408.0569,"10.96","886737","0","10.52","12.36","38676"
"139","160802_Smp_Pt2","Internal Std","13C Acetyl CoA",810.2043,408.0569,"10.88","619847","0","10.66","12.2","18881"
"140","160802_Smp_Pt34","Internal Std","13C Acetyl CoA",810.2043,408.0569,"10.86","884658","9182","10.61","12.28","42389"
"141","160802_Smp_Pt56","Internal Std","13C Acetyl CoA",810.2043,408.0569,"10.73","885108","1923","10.61","12.3","31663"
"142","160802_Smp_Tp12","Internal Std","13C Acetyl CoA",810.2043,408.0569,"11.32","623013","7064","10.66","11.84","33611"
"143","160802_Smp_Tp34","Internal Std","13C Acetyl CoA",810.2043,408.0569,"10.96","910842","2219","10.58","12.26","37703"
"144","160802_Smp_TP56","Internal Std","13C Acetyl CoA",810.2043,408.0569,"10.84","1107381","3876","10.51","12.56","40635"
"145","160802_Std_StdsInDiatomMatrix_1","Internal Std","13C-Isethionic Acid",126.95,95.9955,"6.86","2596052","40456","6.09","7.54","98146"
"146","160802_Std_StdsInDiatomMatrix_2","Internal Std","13C-Isethionic Acid",126.95,95.9955,"6.25","3426057","0","5.63","7.12","103759"
"147","160802_Std_StdsInWater_5","Internal Std","13C-Isethionic Acid",126.95,95.9955,"6.8","1339","0","6.46","7.11","582"
"148","160802_Std_StdsInWater_6","Internal Std","13C-Isethionic Acid",126.95,95.9955,"6.03","792","0","5.92","6.31","150"
"149","160802_Blk_0801_FilterBlank","Internal Std","13C-Isethionic Acid",126.95,95.9955,"6.86","17604792","173415","6.25","7.43","652401"
"150","160802_Blk_9","Internal Std","13C-Isethionic Acid",126.95,95.9955,"#N/A","#N/A","#N/A","#N/A","#N/A","#N/A"
"151","160802_Poo_0801_PooledDiatoms_1","Internal Std","13C-Isethionic Acid",126.95,95.9955,"6.51","17743026","71701","5.88","7.57","528871"
"152","160802_Poo_0801_PooledDiatoms_2","Internal Std","13C-Isethionic Acid",126.95,95.9955,"6.29","18137760","63515","5.83","7.77","519583"
"153","160802_Poo_0801_PooledDiatoms_3","Internal Std","13C-Isethionic Acid",126.95,95.9955,"6.4","19367206","0","5.83","7.73","552424"
"154","160802_Smp_Np12","Internal Std","13C-Isethionic Acid",126.95,95.9955,"6.82","11133570","0","6.1","8.07","368209"
"155","160802_Smp_Np34","Internal Std","13C-Isethionic Acid",126.95,95.9955,"6.65","11953491","22143","6.11","7.87","440431"
"156","160802_Smp_NP56","Internal Std","13C-Isethionic Acid",126.95,95.9955,"6.62","11057948","0","5.94","8","377996"
"157","160802_Smp_Pt2","Internal Std","13C-Isethionic Acid",126.95,95.9955,"6.71","10494220","0","6.14","7.62","380775"
"158","160802_Smp_Pt34","Internal Std","13C-Isethionic Acid",126.95,95.9955,"6.67","10757071","189558","6.08","7.7","324320"
"159","160802_Smp_Pt56","Internal Std","13C-Isethionic Acid",126.95,95.9955,"6.6","12206318","150834","5.95","7.81","418260"
"160","160802_Smp_Tp12","Internal Std","13C-Isethionic Acid",126.95,95.9955,"6.75","11710841","157568","5.91","7.47","374166"
"161","160802_Smp_Tp34","Internal Std","13C-Isethionic Acid",126.95,95.9955,"6.6","16119788","210120","5.94","7.94","519504"
"162","160802_Smp_TP56","Internal Std","13C-Isethionic Acid",126.95,95.9955,"6.44","17118560","230222","5.92","7.88","540940"
"163","160802_Std_StdsInDiatomMatrix_1","Internal Std","13C-Isethionic Acid",126.95,79.997,"6.86","3945671","23287","6.09","7.54","126894"
"164","160802_Std_StdsInDiatomMatrix_2","Internal Std","13C-Isethionic Acid",126.95,79.997,"6.14","4747235","0","5.63","7.12","152457"
"165","160802_Std_StdsInWater_5","Internal Std","13C-Isethionic Acid",126.95,79.997,"6.73","68155","0","6.46","7.11","7491"
"166","160802_Std_StdsInWater_6","Internal Std","13C-Isethionic Acid",126.95,79.997,"6.16","49658","21519","5.92","6.31","6983"
"167","160802_Blk_0801_FilterBlank","Internal Std","13C-Isethionic Acid",126.95,79.997,"6.84","22871824","70238","6.25","7.43","791969"
"168","160802_Blk_9","Internal Std","13C-Isethionic Acid",126.95,79.997,"6.01","460","0","5.98","6.06","224"
"169","160802_Poo_0801_PooledDiatoms_1","Internal Std","13C-Isethionic Acid",126.95,79.997,"6.44","24386496","181387","5.88","7.57","744632"
"170","160802_Poo_0801_PooledDiatoms_2","Internal Std","13C-Isethionic Acid",126.95,79.997,"6.32","24373576","237771","5.83","7.77","724513"
"171","160802_Poo_0801_PooledDiatoms_3","Internal Std","13C-Isethionic Acid",126.95,79.997,"6.38","25908836","129363","5.83","7.73","772244"
"172","160802_Smp_Np12","Internal Std","13C-Isethionic Acid",126.95,79.997,"6.74","15349685","67709","6.1","8.07","588053"
"173","160802_Smp_Np34","Internal Std","13C-Isethionic Acid",126.95,79.997,"6.75","15719490","203815","6.11","7.87","534037"
"174","160802_Smp_NP56","Internal Std","13C-Isethionic Acid",126.95,79.997,"6.47","15181500","11413","5.94","8","431610"
"175","160802_Smp_Pt2","Internal Std","13C-Isethionic Acid",126.95,79.997,"6.69","14807081","39925","6.14","7.62","506872"
"176","160802_Smp_Pt34","Internal Std","13C-Isethionic Acid",126.95,79.997,"6.66","15275583","163921","6.08","7.7","537284"
"177","160802_Smp_Pt56","Internal Std","13C-Isethionic Acid",126.95,79.997,"6.49","17899934","0","5.95","7.81","524417"
"178","160802_Smp_Tp12","Internal Std","13C-Isethionic Acid",126.95,79.997,"6.77","16438633","157926","5.91","7.47","567973"
"179","160802_Smp_Tp34","Internal Std","13C-Isethionic Acid",126.95,79.997,"6.56","22009304","265526","5.94","7.94","755019"
"180","160802_Smp_TP56","Internal Std","13C-Isethionic Acid",126.95,79.997,"6.4","22548842","306473","5.92","7.88","725398"
"181","160802_Std_StdsInDiatomMatrix_1","Internal Std","13C-Sulfoacetic Acid",140.994,95.99,"14.05","845367","0","13.79","14.27","83967"
"182","160802_Std_StdsInDiatomMatrix_2","Internal Std","13C-Sulfoacetic Acid",140.994,95.99,"13.85","1048552","0","13.57","14.07","87786"
"183","160802_Std_StdsInWater_5","Internal Std","13C-Sulfoacetic Acid",140.994,95.99,"11.33","3162","0","11.11","11.45","264"
"184","160802_Std_StdsInWater_6","Internal Std","13C-Sulfoacetic Acid",140.994,95.99,"#N/A","#N/A","#N/A","#N/A","#N/A","#N/A"
"185","160802_Blk_0801_FilterBlank","Internal Std","13C-Sulfoacetic Acid",140.994,95.99,"13.99","1328183","0","13.67","14.31","119548"
"186","160802_Blk_9","Internal Std","13C-Sulfoacetic Acid",140.994,95.99,"#N/A","#N/A","#N/A","#N/A","#N/A","#N/A"
"187","160802_Poo_0801_PooledDiatoms_1","Internal Std","13C-Sulfoacetic Acid",140.994,95.99,"13.85","5228195","0","13.67","14.05","1164773"
"188","160802_Poo_0801_PooledDiatoms_2","Internal Std","13C-Sulfoacetic Acid",140.994,95.99,"13.85","5415761","24820","13.67","14.05","1150071"
"189","160802_Poo_0801_PooledDiatoms_3","Internal Std","13C-Sulfoacetic Acid",140.994,95.99,"13.85","6446816","47376","13.67","14.05","1315835"
"190","160802_Smp_Np12","Internal Std","13C-Sulfoacetic Acid",140.994,95.99,"13.97","2210542","1062","13.81","14.17","428572"
"191","160802_Smp_Np34","Internal Std","13C-Sulfoacetic Acid",140.994,95.99,"13.95","2385470","153","13.75","14.13","348829"
"192","160802_Smp_NP56","Internal Std","13C-Sulfoacetic Acid",140.994,95.99,"13.89","2831551","38526","13.73","14.07","561350"
"193","160802_Smp_Pt2","Internal Std","13C-Sulfoacetic Acid",140.994,95.99,"13.95","2862768","0","13.71","14.13","519153"
"194","160802_Smp_Pt34","Internal Std","13C-Sulfoacetic Acid",140.994,95.99,"13.93","3821729","21860","13.73","14.17","668815"
"195","160802_Smp_Pt56","Internal Std","13C-Sulfoacetic Acid",140.994,95.99,"13.91","3442592","33818","13.73","14.09","537915"
"196","160802_Smp_Tp12","Internal Std","13C-Sulfoacetic Acid",140.994,95.99,"13.95","3476591","26874","13.81","14.15","723567"
"197","160802_Smp_Tp34","Internal Std","13C-Sulfoacetic Acid",140.994,95.99,"13.91","3693162","16586","13.73","14.09","921341"
"198","160802_Smp_TP56","Internal Std","13C-Sulfoacetic Acid",140.994,95.99,"13.87","4545379","1908","13.69","14.09","923289"
"199","160802_Std_StdsInDiatomMatrix_1","Internal Std","13C-Sulfoacetic Acid",140.994,79.9959,"14.07","609268","0","13.79","14.27","79772"
"200","160802_Std_StdsInDiatomMatrix_2","Internal Std","13C-Sulfoacetic Acid",140.994,79.9959,"13.89","689758","0","13.57","14.07","63520"
"201","160802_Std_StdsInWater_5","Internal Std","13C-Sulfoacetic Acid",140.994,79.9959,"11.27","20444","0","11.11","11.45","4073"
"202","160802_Std_StdsInWater_6","Internal Std","13C-Sulfoacetic Acid",140.994,79.9959,"13.8","1861","0","13.76","13.92","540"
"203","160802_Blk_0801_FilterBlank","Internal Std","13C-Sulfoacetic Acid",140.994,79.9959,"14.05","742426","0","13.67","14.31","74406"
"204","160802_Blk_9","Internal Std","13C-Sulfoacetic Acid",140.994,79.9959,"12.97","3619","0","12.93","13.01","1294"
"205","160802_Poo_0801_PooledDiatoms_1","Internal Std","13C-Sulfoacetic Acid",140.994,79.9959,"13.85","2830954","39394","13.67","14.05","592106"
"206","160802_Poo_0801_PooledDiatoms_2","Internal Std","13C-Sulfoacetic Acid",140.994,79.9959,"13.85","2809271","11781","13.67","14.05","524003"
"207","160802_Poo_0801_PooledDiatoms_3","Internal Std","13C-Sulfoacetic Acid",140.994,79.9959,"13.85","2288968","42669","13.67","14.05","353755"
"208","160802_Smp_Np12","Internal Std","13C-Sulfoacetic Acid",140.994,79.9959,"13.95","1438810","16569","13.81","14.17","302156"
"209","160802_Smp_Np34","Internal Std","13C-Sulfoacetic Acid",140.994,79.9959,"13.95","1333071","0","13.75","14.13","234049"
"210","160802_Smp_NP56","Internal Std","13C-Sulfoacetic Acid",140.994,79.9959,"13.89","1284187","8405","13.73","14.07","186226"
"211","160802_Smp_Pt2","Internal Std","13C-Sulfoacetic Acid",140.994,79.9959,"13.97","1671709","0","13.71","14.13","246508"
"212","160802_Smp_Pt34","Internal Std","13C-Sulfoacetic Acid",140.994,79.9959,"13.91","1873951","0","13.73","14.17","354514"
"213","160802_Smp_Pt56","Internal Std","13C-Sulfoacetic Acid",140.994,79.9959,"13.89","2279245","33522","13.73","14.09","352353"
"214","160802_Smp_Tp12","Internal Std","13C-Sulfoacetic Acid",140.994,79.9959,"13.95","1639188","2125","13.81","14.15","369932"
"215","160802_Smp_Tp34","Internal Std","13C-Sulfoacetic Acid",140.994,79.9959,"13.91","1360328","1287","13.73","14.09","245092"
"216","160802_Smp_TP56","Internal Std","13C-Sulfoacetic Acid",140.994,79.9959,"13.87","2571388","1263","13.69","14.09","599355"
"217","160802_Std_StdsInDiatomMatrix_1","Internal Std","13C-Sulfolactic Acid",172.014,153.991,"13.6","961828","0","13.44","13.9","81377"
"218","160802_Std_StdsInDiatomMatrix_2","Internal Std","13C-Sulfolactic Acid",172.014,153.991,"13.36","823732","0","13.2","13.72","62684"
"219","160802_Std_StdsInWater_5","Internal Std","13C-Sulfolactic Acid",172.014,153.991,"11.42","90139","0","11.1","11.5","10659"
"220","160802_Std_StdsInWater_6","Internal Std","13C-Sulfolactic Acid",172.014,153.991,"13.26","257","0","13.22","13.3","96"
"221","160802_Blk_0801_FilterBlank","Internal Std","13C-Sulfolactic Acid",172.014,153.991,"13.6","1447700","0","13.24","13.92","136269"
"222","160802_Blk_9","Internal Std","13C-Sulfolactic Acid",172.014,153.991,"14.58","1149","0","14.54","14.62","510"
"223","160802_Poo_0801_PooledDiatoms_1","Internal Std","13C-Sulfolactic Acid",172.014,153.991,"13.52","3848118","27013","13.26","13.76","348456"
"224","160802_Poo_0801_PooledDiatoms_2","Internal Std","13C-Sulfolactic Acid",172.014,153.991,"13.44","3635593","41130","13.24","13.86","305912"
"225","160802_Poo_0801_PooledDiatoms_3","Internal Std","13C-Sulfolactic Acid",172.014,153.991,"13.46","3785508","374","13.18","13.76","315112"
"226","160802_Smp_Np12","Internal Std","13C-Sulfolactic Acid",172.014,153.991,"13.58","2207283","0","13.34","14","229148"
"227","160802_Smp_Np34","Internal Std","13C-Sulfolactic Acid",172.014,153.991,"13.5","2292795","0","13.3","13.92","188745"
"228","160802_Smp_NP56","Internal Std","13C-Sulfolactic Acid",172.014,153.991,"13.5","2404671","0","13.22","13.86","246001"
"229","160802_Smp_Pt2","Internal Std","13C-Sulfolactic Acid",172.014,153.991,"13.56","3526111","0","13.3","13.86","357382"
"230","160802_Smp_Pt34","Internal Std","13C-Sulfolactic Acid",172.014,153.991,"13.54","3281622","4189","13.3","13.82","304510"
"231","160802_Smp_Pt56","Internal Std","13C-Sulfolactic Acid",172.014,153.991,"13.5","3499515","2265","13.3","13.78","307026"
"232","160802_Smp_Tp12","Internal Std","13C-Sulfolactic Acid",172.014,153.991,"13.6","2253666","0","13.36","13.88","224326"
"233","160802_Smp_Tp34","Internal Std","13C-Sulfolactic Acid",172.014,153.991,"13.52","2740816","2023","13.26","13.98","243416"
"234","160802_Smp_TP56","Internal Std","13C-Sulfolactic Acid",172.014,153.991,"13.5","2650926","1148","13.25","13.88","206002"
"235","160802_Std_StdsInDiatomMatrix_1","Internal Std","13C-Sulfolactic Acid",172.014,74.0571,"13.64","535494","2122","13.44","13.9","46608"
"236","160802_Std_StdsInDiatomMatrix_2","Internal Std","13C-Sulfolactic Acid",172.014,74.0571,"13.44","676202","0","13.2","13.72","68493"
"237","160802_Std_StdsInWater_5","Internal Std","13C-Sulfolactic Acid",172.014,74.0571,"11.34","3686","818","11.1","11.5","413"
"238","160802_Std_StdsInWater_6","Internal Std","13C-Sulfolactic Acid",172.014,74.0571,"#N/A","#N/A","#N/A","#N/A","#N/A","#N/A"
"239","160802_Blk_0801_FilterBlank","Internal Std","13C-Sulfolactic Acid",172.014,74.0571,"13.66","931519","0","13.24","13.92","60041"
"240","160802_Blk_9","Internal Std","13C-Sulfolactic Acid",172.014,74.0571,"#N/A","#N/A","#N/A","#N/A","#N/A","#N/A"
"241","160802_Poo_0801_PooledDiatoms_1","Internal Std","13C-Sulfolactic Acid",172.014,74.0571,"13.5","2484845","0","13.26","13.76","239802"
"242","160802_Poo_0801_PooledDiatoms_2","Internal Std","13C-Sulfolactic Acid",172.014,74.0571,"13.5","2656039","0","13.24","13.86","266088"
"243","160802_Poo_0801_PooledDiatoms_3","Internal Std","13C-Sulfolactic Acid",172.014,74.0571,"13.46","2712134","3506","13.18","13.76","283951"
"244","160802_Smp_Np12","Internal Std","13C-Sulfolactic Acid",172.014,74.0571,"13.52","1453205","0","13.34","14","123416"
"245","160802_Smp_Np34","Internal Std","13C-Sulfolactic Acid",172.014,74.0571,"13.56","1764862","3231","13.3","13.92","151066"
"246","160802_Smp_NP56","Internal Std","13C-Sulfolactic Acid",172.014,74.0571,"13.5","1391895","0","13.22","13.86","135360"
"247","160802_Smp_Pt2","Internal Std","13C-Sulfolactic Acid",172.014,74.0571,"13.56","2263933","1915","13.3","13.86","276698"
"248","160802_Smp_Pt34","Internal Std","13C-Sulfolactic Acid",172.014,74.0571,"13.58","2358283","1328","13.3","13.82","186265"
"249","160802_Smp_Pt56","Internal Std","13C-Sulfolactic Acid",172.014,74.0571,"13.56","2595094","37253","13.3","13.78","263923"
"250","160802_Smp_Tp12","Internal Std","13C-Sulfolactic Acid",172.014,74.0571,"13.6","1662080","0","13.36","13.88","167528"
"251","160802_Smp_Tp34","Internal Std","13C-Sulfolactic Acid",172.014,74.0571,"13.54","1837238","1625","13.26","13.98","159915"
"252","160802_Smp_TP56","Internal Std","13C-Sulfolactic Acid",172.014,74.0571,"13.5","1558673","5628","13.25","13.88","130320"
"253","160802_Std_StdsInDiatomMatrix_1","Internal Std","d3-Cysteic Acid",171.024,153.967,"12.51","352607","0","12.23","12.77","26927"
"254","160802_Std_StdsInDiatomMatrix_2","Internal Std","d3-Cysteic Acid",171.024,153.967,"12.25","501830","0","11.91","12.51","35235"
"255","160802_Std_StdsInWater_5","Internal Std","d3-Cysteic Acid",171.024,153.967,"11.39","4191","0","11.15","11.63","539"
"256","160802_Std_StdsInWater_6","Internal Std","d3-Cysteic Acid",171.024,153.967,"#N/A","#N/A","#N/A","#N/A","#N/A","#N/A"
"257","160802_Blk_0801_FilterBlank","Internal Std","d3-Cysteic Acid",171.024,153.967,"12.39","715475","0","12.13","12.71","69671"
"258","160802_Blk_9","Internal Std","d3-Cysteic Acid",171.024,153.967,"12.07","196","0","12.03","12.13","83"
"259","160802_Poo_0801_PooledDiatoms_1","Internal Std","d3-Cysteic Acid",171.024,153.967,"12.27","2448059","0","11.99","12.57","220031"
"260","160802_Poo_0801_PooledDiatoms_2","Internal Std","d3-Cysteic Acid",171.024,153.967,"12.21","1662773","7592","11.99","12.57","131532"
"261","160802_Poo_0801_PooledDiatoms_3","Internal Std","d3-Cysteic Acid",171.024,153.967,"12.21","2447449","1800","11.95","12.61","246161"
"262","160802_Smp_Np12","Internal Std","d3-Cysteic Acid",171.024,153.967,"12.39","1136098","0","12.13","12.75","123648"
"263","160802_Smp_Np34","Internal Std","d3-Cysteic Acid",171.024,153.967,"12.42","1124420","0","12.06","12.68","102604"
"264","160802_Smp_NP56","Internal Std","d3-Cysteic Acid",171.024,153.967,"12.23","897033","1593","11.99","12.61","68013"
"265","160802_Smp_Pt2","Internal Std","d3-Cysteic Acid",171.024,153.967,"12.31","1507643","0","12.11","12.71","124573"
"266","160802_Smp_Pt34","Internal Std","d3-Cysteic Acid",171.024,153.967,"12.33","1610095","3997","12.07","12.67","127515"
"267","160802_Smp_Pt56","Internal Std","d3-Cysteic Acid",171.024,153.967,"12.35","2320656","35586","12.13","12.61","197809"
"268","160802_Smp_Tp12","Internal Std","d3-Cysteic Acid",171.024,153.967,"12.43","1678408","2985","12.11","12.75","137396"
"269","160802_Smp_Tp34","Internal Std","d3-Cysteic Acid",171.024,153.967,"12.31","1808708","931","12.07","12.67","158306"
"270","160802_Smp_TP56","Internal Std","d3-Cysteic Acid",171.024,153.967,"12.31","2110413","6573","12.05","12.53","195665"
"271","160802_Std_StdsInDiatomMatrix_1","Internal Std","d3-Cysteic Acid",171.024,81.0902,"12.39","150060","0","12.23","12.77","11229"
"272","160802_Std_StdsInDiatomMatrix_2","Internal Std","d3-Cysteic Acid",171.024,81.0902,"12.21","410417","478","11.91","12.51","42574"
"273","160802_Std_StdsInWater_5","Internal Std","d3-Cysteic Acid",171.024,81.0902,"11.33","6741","0","11.15","11.63","706"
"274","160802_Std_StdsInWater_6","Internal Std","d3-Cysteic Acid",171.024,81.0902,"12.13","808","0","12.05","12.19","171"
"275","160802_Blk_0801_FilterBlank","Internal Std","d3-Cysteic Acid",171.024,81.0902,"12.45","542053","0","12.13","12.71","50901"
"276","160802_Blk_9","Internal Std","d3-Cysteic Acid",171.024,81.0902,"#N/A","#N/A","#N/A","#N/A","#N/A","#N/A"
"277","160802_Poo_0801_PooledDiatoms_1","Internal Std","d3-Cysteic Acid",171.024,81.0902,"12.23","2077315","8578","11.99","12.57","197845"
"278","160802_Poo_0801_PooledDiatoms_2","Internal Std","d3-Cysteic Acid",171.024,81.0902,"12.25","1850762","8619","11.99","12.57","184619"
"279","160802_Poo_0801_PooledDiatoms_3","Internal Std","d3-Cysteic Acid",171.024,81.0902,"12.25","1810140","250","11.95","12.61","182995"
"280","160802_Smp_Np12","Internal Std","d3-Cysteic Acid",171.024,81.0902,"12.39","934440","0","12.13","12.75","77436"
"281","160802_Smp_Np34","Internal Std","d3-Cysteic Acid",171.024,81.0902,"12.33","889472","0","12.06","12.68","67980"
"282","160802_Smp_NP56","Internal Std","d3-Cysteic Acid",171.024,81.0902,"12.29","715071","0","11.99","12.61","50574"
"283","160802_Smp_Pt2","Internal Std","d3-Cysteic Acid",171.024,81.0902,"12.37","1289583","0","12.11","12.71","109917"
"284","160802_Smp_Pt34","Internal Std","d3-Cysteic Acid",171.024,81.0902,"12.31","1539304","9366","12.07","12.67","154875"
"285","160802_Smp_Pt56","Internal Std","d3-Cysteic Acid",171.024,81.0902,"12.33","1708016","612","12.13","12.61","165414"
"286","160802_Smp_Tp12","Internal Std","d3-Cysteic Acid",171.024,81.0902,"12.39","1381714","6684","12.11","12.75","98407"
"287","160802_Smp_Tp34","Internal Std","d3-Cysteic Acid",171.024,81.0902,"12.35","1408807","3781","12.07","12.67","122766"
"288","160802_Smp_TP56","Internal Std","d3-Cysteic Acid",171.024,81.0902,"12.31","1346807","182","12.05","12.53","124006"
"289","160802_Std_StdsInDiatomMatrix_1","Internal Std","d4 Succinic Acid",121.014,102.0429,"#N/A","#N/A","#N/A","#N/A","#N/A","#N/A"
"290","160802_Std_StdsInDiatomMatrix_2","Internal Std","d4 Succinic Acid",121.014,102.0429,"#N/A","#N/A","#N/A","#N/A","#N/A","#N/A"
"291","160802_Std_StdsInWater_5","Internal Std","d4 Succinic Acid",121.014,102.0429,"#N/A","#N/A","#N/A","#N/A","#N/A","#N/A"
"292","160802_Std_StdsInWater_6","Internal Std","d4 Succinic Acid",121.014,102.0429,"#N/A","#N/A","#N/A","#N/A","#N/A","#N/A"
"293","160802_Blk_0801_FilterBlank","Internal Std","d4 Succinic Acid",121.014,102.0429,"12.45","376654","0","12.17","12.73","46793"
"294","160802_Blk_9","Internal Std","d4 Succinic Acid",121.014,102.0429,"#N/A","#N/A","#N/A","#N/A","#N/A","#N/A"
"295","160802_Poo_0801_PooledDiatoms_1","Internal Std","d4 Succinic Acid",121.014,102.0429,"12.35","209347","0","12.13","12.59","29723"
"296","160802_Poo_0801_PooledDiatoms_2","Internal Std","d4 Succinic Acid",121.014,102.0429,"12.33","214208","0","12.13","12.55","33240"
"297","160802_Poo_0801_PooledDiatoms_3","Internal Std","d4 Succinic Acid",121.014,102.0429,"12.31","275493","3467","12.01","12.57","35766"
"298","160802_Smp_Np12","Internal Std","d4 Succinic Acid",121.014,102.0429,"12.45","194925","0","12.07","12.65","25643"
"299","160802_Smp_Np34","Internal Std","d4 Succinic Acid",121.014,102.0429,"12.45","227398","0","12.23","12.69","35286"
"300","160802_Smp_NP56","Internal Std","d4 Succinic Acid",121.014,102.0429,"12.37","289035","9","12.19","12.67","34594"
"301","160802_Smp_Pt2","Internal Std","d4 Succinic Acid",121.014,102.0429,"12.51","200256","0","12.17","12.71","20663"
"302","160802_Smp_Pt34","Internal Std","d4 Succinic Acid",121.014,102.0429,"12.39","186177","2556","12.13","12.69","19050"
"303","160802_Smp_Pt56","Internal Std","d4 Succinic Acid",121.014,102.0429,"12.39","307923","3239","12.19","12.65","48351"
"304","160802_Smp_Tp12","Internal Std","d4 Succinic Acid",121.014,102.0429,"12.45","139669","3439","12.19","12.75","15100"
"305","160802_Smp_Tp34","Internal Std","d4 Succinic Acid",121.014,102.0429,"12.39","92795","969","12.15","12.67","13459"
"306","160802_Smp_TP56","Internal Std","d4 Succinic Acid",121.014,102.0429,"12.35","174827","2640","12.15","12.65","18617"
"307","160802_Std_StdsInDiatomMatrix_1","Internal Std","d4 Succinic Acid",121.014,77.121,"11.37","793241","577179","11.35","12.31","51646"
"308","160802_Std_StdsInDiatomMatrix_2","Internal Std","d4 Succinic Acid",121.014,77.121,"12.27","1253366","363096","11.83","12.55","86060"
"309","160802_Std_StdsInWater_5","Internal Std","d4 Succinic Acid",121.014,77.121,"11.83","244557","75017","11.73","12.21","24247"
"310","160802_Std_StdsInWater_6","Internal Std","d4 Succinic Acid",121.014,77.121,"11.99","342163","100668","11.57","12.09","22251"
"311","160802_Blk_0801_FilterBlank","Internal Std","d4 Succinic Acid",121.014,77.121,"12.45","3320585","325606","12.17","12.73","260780"
"312","160802_Blk_9","Internal Std","d4 Succinic Acid",121.014,77.121,"11.91","93811","14850","11.85","12.09","10807"
"313","160802_Poo_0801_PooledDiatoms_1","Internal Std","d4 Succinic Acid",121.014,77.121,"12.31","3064700","892108","12.13","12.59","327343"
"314","160802_Poo_0801_PooledDiatoms_2","Internal Std","d4 Succinic Acid",121.014,77.121,"12.33","2690337","890251","12.13","12.55","247377"
"315","160802_Poo_0801_PooledDiatoms_3","Internal Std","d4 Succinic Acid",121.014,77.121,"12.33","3953910","145956","12.01","12.57","374452"
"316","160802_Smp_Np12","Internal Std","d4 Succinic Acid",121.014,77.121,"12.48","3054188","54344","12.07","12.65","249608"
"317","160802_Smp_Np34","Internal Std","d4 Succinic Acid",121.014,77.121,"12.43","2920598","265995","12.23","12.69","246982"
"318","160802_Smp_NP56","Internal Std","d4 Succinic Acid",121.014,77.121,"12.39","2893436","125787","12.19","12.67","252991"
"319","160802_Smp_Pt2","Internal Std","d4 Succinic Acid",121.014,77.121,"12.41","2939313","217858","12.17","12.71","261948"
"320","160802_Smp_Pt34","Internal Std","d4 Succinic Acid",121.014,77.121,"12.39","2740855","389275","12.13","12.69","248774"
"321","160802_Smp_Pt56","Internal Std","d4 Succinic Acid",121.014,77.121,"12.43","3393141","629537","12.19","12.65","338361"
"322","160802_Smp_Tp12","Internal Std","d4 Succinic Acid",121.014,77.121,"12.45","3151353","167679","12.19","12.75","247038"
"323","160802_Smp_Tp34","Internal Std","d4 Succinic Acid",121.014,77.121,"12.45","2805113","417578","12.15","12.67","269496"
"324","160802_Smp_TP56","Internal Std","d4 Succinic Acid",121.014,77.121,"12.35","3167167","335580","12.15","12.65","271783"
"325","160802_Std_StdsInDiatomMatrix_1","Internal Std","d4 Taurine",128.01,110.0862,"10.68","21185","1955","10.17","11","2554"
"326","160802_Std_StdsInDiatomMatrix_2","Internal Std","d4 Taurine",128.01,110.0862,"10.2","24614","3239","9.85","10.63","2413"
"327","160802_Std_StdsInWater_5","Internal Std","d4 Taurine",128.01,110.0862,"6.62","0","0","6.62","6.74","0"
"328","160802_Std_StdsInWater_6","Internal Std","d4 Taurine",128.01,110.0862,"8.93","0","0","8.93","9.04","0"
"329","160802_Blk_0801_FilterBlank","Internal Std","d4 Taurine",128.01,110.0862,"10.42","111623","0","10.09","10.78","10730"
"330","160802_Blk_9","Internal Std","d4 Taurine",128.01,110.0862,"7.57","0","0","7.57","7.73","0"
"331","160802_Poo_0801_PooledDiatoms_1","Internal Std","d4 Taurine",128.01,110.0862,"10.5","109311","1128","10.25","10.85","8442"
"332","160802_Poo_0801_PooledDiatoms_2","Internal Std","d4 Taurine",128.01,110.0862,"10.47","88600","0","10.2","10.92","10014"
"333","160802_Poo_0801_PooledDiatoms_3","Internal Std","d4 Taurine",128.01,110.0862,"10.43","167820","10561","10.2","10.83","15744"
"334","160802_Smp_Np12","Internal Std","d4 Taurine",128.01,110.0862,"10.76","121944","0","10.43","11.04","10702"
"335","160802_Smp_Np34","Internal Std","d4 Taurine",128.01,110.0862,"10.66","17323","0","10.33","11.06","5114"
"336","160802_Smp_NP56","Internal Std","d4 Taurine",128.01,110.0862,"10.61","94354","0","10.23","10.89","11525"
"337","160802_Smp_Pt2","Internal Std","d4 Taurine",128.01,110.0862,"10.64","158230","0","10.32","10.96","18402"
"338","160802_Smp_Pt34","Internal Std","d4 Taurine",128.01,110.0862,"10.63","94378","0","10.32","10.92","8191"
"339","160802_Smp_Pt56","Internal Std","d4 Taurine",128.01,110.0862,"10.66","143358","107","10.33","10.94","11967"
"340","160802_Smp_Tp12","Internal Std","d4 Taurine",128.01,110.0862,"10.74","140127","2850","10.43","11.07","10095"
"341","160802_Smp_Tp34","Internal Std","d4 Taurine",128.01,110.0862,"10.71","246786","3414","10.35","10.96","20095"
"342","160802_Smp_TP56","Internal Std","d4 Taurine",128.01,110.0862,"10.59","119360","1818","10.26","10.94","7185"
"343","160802_Std_StdsInDiatomMatrix_1","Internal Std","d4 Taurine",128.01,79.972,"10.65","792677","1802","10.17","11","45995"
"344","160802_Std_StdsInDiatomMatrix_2","Internal Std","d4 Taurine",128.01,79.972,"10.15","748925","3008","9.85","10.63","40386"
"345","160802_Std_StdsInWater_5","Internal Std","d4 Taurine",128.01,79.972,"6.66","17313","0","6.62","6.74","6848"
"346","160802_Std_StdsInWater_6","Internal Std","d4 Taurine",128.01,79.972,"9","721","0","8.93","9.04","229"
"347","160802_Blk_0801_FilterBlank","Internal Std","d4 Taurine",128.01,79.972,"10.39","9366308","47275","10.09","10.78","520938"
"348","160802_Blk_9","Internal Std","d4 Taurine",128.01,79.972,"7.61","506","0","7.57","7.73","100"
"349","160802_Poo_0801_PooledDiatoms_1","Internal Std","d4 Taurine",128.01,79.972,"10.46","6842272","5682","10.25","10.85","478733"
"350","160802_Poo_0801_PooledDiatoms_2","Internal Std","d4 Taurine",128.01,79.972,"10.44","6472119","4565","10.2","10.92","445482"
"351","160802_Poo_0801_PooledDiatoms_3","Internal Std","d4 Taurine",128.01,79.972,"10.43","6764121","21389","10.2","10.83","444368"
"352","160802_Smp_Np12","Internal Std","d4 Taurine",128.01,79.972,"10.71","6456241","2185","10.43","11.04","380052"
"353","160802_Smp_Np34","Internal Std","d4 Taurine",128.01,79.972,"10.71","6480614","5423","10.33","11.06","419471"
"354","160802_Smp_NP56","Internal Std","d4 Taurine",128.01,79.972,"10.5","6299168","8062","10.23","10.89","404011"
"355","160802_Smp_Pt2","Internal Std","d4 Taurine",128.01,79.972,"10.53","8671467","14255","10.32","10.96","690008"
"356","160802_Smp_Pt34","Internal Std","d4 Taurine",128.01,79.972,"10.53","6123316","34635","10.32","10.92","470034"
"357","160802_Smp_Pt56","Internal Std","d4 Taurine",128.01,79.972,"10.58","7292034","83492","10.33","10.94","469795"
"358","160802_Smp_Tp12","Internal Std","d4 Taurine",128.01,79.972,"10.68","8566921","0","10.43","11.07","589235"
"359","160802_Smp_Tp34","Internal Std","d4 Taurine",128.01,79.972,"10.56","8082281","79509","10.35","10.96","528176"
"360","160802_Smp_TP56","Internal Std","d4 Taurine",128.01,79.972,"10.52","6639166","25722","10.26","10.94","421175"
"361","160802_Std_StdsInDiatomMatrix_1","Internal Std","D-Methionine",153.05,107.151,"8.3","4983582","801157","6.55","8.71","200027"
"362","160802_Std_StdsInDiatomMatrix_2","Internal Std","D-Methionine",153.05,107.151,"7.69","4862293","573233","5.68","8.45","173738"
"363","160802_Std_StdsInWater_5","Internal Std","D-Methionine",153.05,107.151,"8.17","165245","66307","7.94","8.2","25207"
"364","160802_Std_StdsInWater_6","Internal Std","D-Methionine",153.05,107.151,"8.72","295327","12095","8.26","8.81","18998"
"365","160802_Blk_0801_FilterBlank","Internal Std","D-Methionine",153.05,107.151,"7.94","32088498","969048","6.47","8.51","1527194"
"366","160802_Blk_9","Internal Std","D-Methionine",153.05,107.151,"7.96","240794","146378","7.5","8.57","12416"
"367","160802_Poo_0801_PooledDiatoms_1","Internal Std","D-Methionine",153.05,107.151,"7.69","14057148","987814","7.06","8.89","386699"
"368","160802_Poo_0801_PooledDiatoms_2","Internal Std","D-Methionine",153.05,107.151,"7.6","15394489","801063","7","8.95","432807"
"369","160802_Poo_0801_PooledDiatoms_3","Internal Std","D-Methionine",153.05,107.151,"7.64","16370838","462139","7.07","8.68","431722"
"370","160802_Smp_Np12","Internal Std","D-Methionine",153.05,107.151,"8.05","31030094","549239","5.89","8.92","922019"
"371","160802_Smp_Np34","Internal Std","D-Methionine",153.05,107.151,"8.06","30097000","496375","5.9","8.83","793946"
"372","160802_Smp_NP56","Internal Std","D-Methionine",153.05,107.151,"7.97","30690878","565753","5.62","8.9","852128"
"373","160802_Smp_Pt2","Internal Std","D-Methionine",153.05,107.151,"8.15","10337286","119748","7.18","8.98","299397"
"374","160802_Smp_Pt34","Internal Std","D-Methionine",153.05,107.151,"8.26","11900439","0","7.07","9.01","306390"
"375","160802_Smp_Pt56","Internal Std","D-Methionine",153.05,107.151,"8.22","11269118","578295","7.26","8.75","270302"
"376","160802_Smp_Tp12","Internal Std","D-Methionine",153.05,107.151,"8.42","10591470","305857","7.02","8.9","366068"
"377","160802_Smp_Tp34","Internal Std","D-Methionine",153.05,107.151,"8.3","11084556","23719","7.1","9.05","324605"
"378","160802_Smp_TP56","Internal Std","D-Methionine",153.05,107.151,"7.57","11583611","221320","7.1","8.98","304911"
"379","160802_Std_StdsInDiatomMatrix_1","Internal Std","D-Methionine",153.05,56.133,"8.2","5730385","264212","6.55","8.71","212198"
"380","160802_Std_StdsInDiatomMatrix_2","Internal Std","D-Methionine",153.05,56.133,"7.66","4788500","66564","5.68","8.45","192188"
"381","160802_Std_StdsInWater_5","Internal Std","D-Methionine",153.05,56.133,"8.09","62383","13203","7.94","8.2","8106"
"382","160802_Std_StdsInWater_6","Internal Std","D-Methionine",153.05,56.133,"8.7","147610","42993","8.26","8.81","10285"
"383","160802_Blk_0801_FilterBlank","Internal Std","D-Methionine",153.05,56.133,"7.99","33319392","0","6.47","8.51","1497326"
"384","160802_Blk_9","Internal Std","D-Methionine",153.05,56.133,"8.37","180997","0","7.5","8.57","9795"
"385","160802_Poo_0801_PooledDiatoms_1","Internal Std","D-Methionine",153.05,56.133,"7.57","16016446","20836","7.06","8.89","420768"
"386","160802_Poo_0801_PooledDiatoms_2","Internal Std","D-Methionine",153.05,56.133,"7.63","16218341","1176","7","8.95","442544"
"387","160802_Poo_0801_PooledDiatoms_3","Internal Std","D-Methionine",153.05,56.133,"7.64","15697088","1140478","7.07","8.68","492120"
"388","160802_Smp_Np12","Internal Std","D-Methionine",153.05,56.133,"8.02","30772054","226951","5.89","8.92","953468"
"389","160802_Smp_Np34","Internal Std","D-Methionine",153.05,56.133,"7.94","30438432","257836","5.9","8.83","899137"
"390","160802_Smp_NP56","Internal Std","D-Methionine",153.05,56.133,"8.02","30095146","0","5.62","8.9","838242"
"391","160802_Smp_Pt2","Internal Std","D-Methionine",153.05,56.133,"8.22","10390443","0","7.18","8.98","302768"
"392","160802_Smp_Pt34","Internal Std","D-Methionine",153.05,56.133,"8.3","11834876","0","7.07","9.01","339746"
"393","160802_Smp_Pt56","Internal Std","D-Methionine",153.05,56.133,"7.69","11278607","129316","7.26","8.75","276647"
"394","160802_Smp_Tp12","Internal Std","D-Methionine",153.05,56.133,"8.34","11197167","76645","7.02","8.9","411773"
"395","160802_Smp_Tp34","Internal Std","D-Methionine",153.05,56.133,"8.3","10635363","12095","7.1","9.05","301902"
"396","160802_Smp_TP56","Internal Std","D-Methionine",153.05,56.133,"7.64","11970320","0","7.1","8.98","313502"
"397","160802_Std_StdsInDiatomMatrix_1","Internal Std","Heavy Alanine",93.058,47.139,"11.15","1902271","415","10.9","11.41","154798"
"398","160802_Std_StdsInDiatomMatrix_2","Internal Std","Heavy Alanine",93.058,47.139,"11.11","1944064","15062","10.81","11.39","157424"
"399","160802_Std_StdsInWater_5","Internal Std","Heavy Alanine",93.058,47.139,"11.48","976","0","11.41","11.57","191"
"400","160802_Std_StdsInWater_6","Internal Std","Heavy Alanine",93.058,47.139,"11.33","3903","36","11.17","11.41","718"
"401","160802_Blk_0801_FilterBlank","Internal Std","Heavy Alanine",93.058,47.139,"11.2","6524579","0","10.82","11.59","453918"
"402","160802_Blk_9","Internal Std","Heavy Alanine",93.058,47.139,"5.74","297","0","5.7","5.79","110"
"403","160802_Poo_0801_PooledDiatoms_1","Internal Std","Heavy Alanine",93.058,47.139,"11.11","7086165","0","10.9","11.42","614719"
"404","160802_Poo_0801_PooledDiatoms_2","Internal Std","Heavy Alanine",93.058,47.139,"11.14","7303440","0","10.9","11.54","627161"
"405","160802_Poo_0801_PooledDiatoms_3","Internal Std","Heavy Alanine",93.058,47.139,"11.12","7978622","346","10.9","11.45","712867"
"406","160802_Smp_Np12","Internal Std","Heavy Alanine",93.058,47.139,"11.2","6792326","0","10.96","11.54","534058"
"407","160802_Smp_Np34","Internal Std","Heavy Alanine",93.058,47.139,"11.14","6922393","0","10.85","11.63","469758"
"408","160802_Smp_NP56","Internal Std","Heavy Alanine",93.058,47.139,"11.17","6444134","25126","10.93","11.54","532727"
"409","160802_Smp_Pt2","Internal Std","Heavy Alanine",93.058,47.139,"11.19","5230729","2999","10.93","11.59","380219"
"410","160802_Smp_Pt34","Internal Std","Heavy Alanine",93.058,47.139,"11.18","5278020","0","10.94","11.5","459162"
"411","160802_Smp_Pt56","Internal Std","Heavy Alanine",93.058,47.139,"11.22","6264467","0","10.87","11.55","469414"
"412","160802_Smp_Tp12","Internal Std","Heavy Alanine",93.058,47.139,"11.15","7053559","738","10.97","11.58","468010"
"413","160802_Smp_Tp34","Internal Std","Heavy Alanine",93.058,47.139,"11.18","8448389","511","10.93","11.59","692604"
"414","160802_Smp_TP56","Internal Std","Heavy Alanine",93.058,47.139,"11.14","8287555","89437","10.9","11.56","737071"
"415","160802_Std_StdsInDiatomMatrix_1","Internal Std","Heavy Histidine",157.054,111.105,"11.13","60985160","1178668","10.79","11.61","3442664"
"416","160802_Std_StdsInDiatomMatrix_2","Internal Std","Heavy Histidine",157.054,111.105,"10.9","114106800","2734631","10.52","11.46","6016641"
"417","160802_Std_StdsInWater_5","Internal Std","Heavy Histidine",157.054,111.105,"11.13","43105880","1602371","10.71","11.73","2163533"
"418","160802_Std_StdsInWater_6","Internal Std","Heavy Histidine",157.054,111.105,"10.92","96666944","3266217","10.22","11.52","3779491"
"419","160802_Blk_0801_FilterBlank","Internal Std","Heavy Histidine",157.054,111.105,"11.16","43801308","3611328","10.6","12.1","2012626"
"420","160802_Blk_9","Internal Std","Heavy Histidine",157.054,111.105,"11.24","1584962","179052","10.94","11.84","54214"
"421","160802_Poo_0801_PooledDiatoms_1","Internal Std","Heavy Histidine",157.054,111.105,"10.99","112482368","3415819","10.71","11.61","6823054"
"422","160802_Poo_0801_PooledDiatoms_2","Internal Std","Heavy Histidine",157.054,111.105,"10.98","117136392","3761857","10.7","11.56","6756934"
"423","160802_Poo_0801_PooledDiatoms_3","Internal Std","Heavy Histidine",157.054,111.105,"11","130653248","4338674","10.7","11.56","7703853"
"424","160802_Smp_Np12","Internal Std","Heavy Histidine",157.054,111.105,"11.13","49164444","3064075","10.85","11.76","2929806"
"425","160802_Smp_Np34","Internal Std","Heavy Histidine",157.054,111.105,"11.12","52152244","1908850","10.8","11.72","2898918"
"426","160802_Smp_NP56","Internal Std","Heavy Histidine",157.054,111.105,"11.03","52839212","2391500","10.75","11.63","3049608"
"427","160802_Smp_Pt2","Internal Std","Heavy Histidine",157.054,111.105,"11.06","67662776","4329334","10.76","11.74","4133547"
"428","160802_Smp_Pt34","Internal Std","Heavy Histidine",157.054,111.105,"11.06","91451128","3614673","10.72","11.64","5532018"
"429","160802_Smp_Pt56","Internal Std","Heavy Histidine",157.054,111.105,"11.07","112780536","3521640","10.77","11.58","6542918"
"430","160802_Smp_Tp12","Internal Std","Heavy Histidine",157.054,111.105,"11.16","52323152","1511649","10.84","11.66","3242237"
"431","160802_Smp_Tp34","Internal Std","Heavy Histidine",157.054,111.105,"11.1","61175904","3247518","10.8","11.62","3643422"
"432","160802_Smp_TP56","Internal Std","Heavy Histidine",157.054,111.105,"11.05","74662776","3515678","10.77","11.55","4405431"
"433","160802_Std_StdsInDiatomMatrix_1","Internal Std","Heavy Histidine",157.054,84.0434,"11.13","8921782","170350","10.79","11.61","514719"
"434","160802_Std_StdsInDiatomMatrix_2","Internal Std","Heavy Histidine",157.054,84.0434,"10.9","16554739","323781","10.52","11.46","877028"
"435","160802_Std_StdsInWater_5","Internal Std","Heavy Histidine",157.054,84.0434,"11.15","6240516","140829","10.71","11.73","282765"
"436","160802_Std_StdsInWater_6","Internal Std","Heavy Histidine",157.054,84.0434,"10.88","13129304","540540","10.22","11.52","559010"
"437","160802_Blk_0801_FilterBlank","Internal Std","Heavy Histidine",157.054,84.0434,"11.16","6690791","360812","10.6","12.1","350450"
"438","160802_Blk_9","Internal Std","Heavy Histidine",157.054,84.0434,"#N/A","#N/A","#N/A","#N/A","#N/A","#N/A"
"439","160802_Poo_0801_PooledDiatoms_1","Internal Std","Heavy Histidine",157.054,84.0434,"11.03","16170838","832432","10.71","11.61","959129"
"440","160802_Poo_0801_PooledDiatoms_2","Internal Std","Heavy Histidine",157.054,84.0434,"11.08","17072762","710544","10.7","11.56","842797"
"441","160802_Poo_0801_PooledDiatoms_3","Internal Std","Heavy Histidine",157.054,84.0434,"10.96","20558546","315645","10.7","11.56","1285479"
"442","160802_Smp_Np12","Internal Std","Heavy Histidine",157.054,84.0434,"11.13","8073762","166970","10.85","11.76","505998"
"443","160802_Smp_Np34","Internal Std","Heavy Histidine",157.054,84.0434,"11.12","7806251","116701","10.8","11.72","438167"
"444","160802_Smp_NP56","Internal Std","Heavy Histidine",157.054,84.0434,"11.05","8256534","200490","10.75","11.63","519321"
"445","160802_Smp_Pt2","Internal Std","Heavy Histidine",157.054,84.0434,"11.1","10060206","888256","10.76","11.74","667544"
"446","160802_Smp_Pt34","Internal Std","Heavy Histidine",157.054,84.0434,"11.06","14100656","338679","10.72","11.64","896477"
"447","160802_Smp_Pt56","Internal Std","Heavy Histidine",157.054,84.0434,"11.02","17973940","263289","10.77","11.58","1104501"
"448","160802_Smp_Tp12","Internal Std","Heavy Histidine",157.054,84.0434,"11.1","8322976","16892","10.84","11.66","490862"
"449","160802_Smp_Tp34","Internal Std","Heavy Histidine",157.054,84.0434,"11.04","9529176","211716","10.8","11.62","568373"
"450","160802_Smp_TP56","Internal Std","Heavy Histidine",157.054,84.0434,"10.99","10939290","862094","10.77","11.55","628148"
"451","160802_Std_StdsInDiatomMatrix_1","Internal Std","Heavy Isoleucine",133.114,87.186,"8.15","104729408","1383254","7.25","8.72","3680426"
"452","160802_Std_StdsInDiatomMatrix_2","Internal Std","Heavy Isoleucine",133.114,87.186,"7.76","122792720","946267","6.86","8.42","3897717"
"453","160802_Std_StdsInWater_5","Internal Std","Heavy Isoleucine",133.114,87.186,"7.95","115146984","1245455","7.38","8.53","5128311"
"454","160802_Std_StdsInWater_6","Internal Std","Heavy Isoleucine",133.114,87.186,"7.6","131752552","1769847","6.97","8.19","5804536"
"455","160802_Blk_0801_FilterBlank","Internal Std","Heavy Isoleucine",133.114,87.186,"8.02","15407741","338766","7.51","8.5","741189"
"456","160802_Blk_9","Internal Std","Heavy Isoleucine",133.114,87.186,"8.12","378","0","8.06","8.18","99"
"457","160802_Poo_0801_PooledDiatoms_1","Internal Std","Heavy Isoleucine",133.114,87.186,"8.17","16678967","219362","7.99","8.79","688443"
"458","160802_Poo_0801_PooledDiatoms_2","Internal Std","Heavy Isoleucine",133.114,87.186,"8.26","18068764","135063","7.92","8.92","751085"
"459","160802_Poo_0801_PooledDiatoms_3","Internal Std","Heavy Isoleucine",133.114,87.186,"8.22","18200690","120257","7.92","8.82","811933"
"460","160802_Smp_Np12","Internal Std","Heavy Isoleucine",133.114,87.186,"8.03","47537496","100802","7.19","8.84","1624126"
"461","160802_Smp_Np34","Internal Std","Heavy Isoleucine",133.114,87.186,"8.06","43424480","27651","7.22","8.77","1525619"
"462","160802_Smp_NP56","Internal Std","Heavy Isoleucine",133.114,87.186,"7.89","38494004","202758","7.18","8.65","1163953"
"463","160802_Smp_Pt2","Internal Std","Heavy Isoleucine",133.114,87.186,"8.2","17945126","280808","7.95","8.74","764857"
"464","160802_Smp_Pt34","Internal Std","Heavy Isoleucine",133.114,87.186,"8.23","23422116","22017","7.95","8.77","987602"
"465","160802_Smp_Pt56","Internal Std","Heavy Isoleucine",133.114,87.186,"8.23","20900132","166668","7.98","8.82","971376"
"466","160802_Smp_Tp12","Internal Std","Heavy Isoleucine",133.114,87.186,"8.36","31533358","647224","7.95","8.94","1361736"
"467","160802_Smp_Tp34","Internal Std","Heavy Isoleucine",133.114,87.186,"8.28","24861336","157878","7.99","9","1146105"
"468","160802_Smp_TP56","Internal Std","Heavy Isoleucine",133.114,87.186,"8.31","21651112","222902","7.95","8.95","1066708"
"469","160802_Std_StdsInDiatomMatrix_1","Internal Std","Heavy Isoleucine",133.114,69.1533,"#N/A","#N/A","#N/A","#N/A","#N/A","#N/A"
"470","160802_Std_StdsInDiatomMatrix_2","Internal Std","Heavy Isoleucine",133.114,69.1533,"#N/A","#N/A","#N/A","#N/A","#N/A","#N/A"
"471","160802_Std_StdsInWater_5","Internal Std","Heavy Isoleucine",133.114,69.1533,"#N/A","#N/A","#N/A","#N/A","#N/A","#N/A"
"472","160802_Std_StdsInWater_6","Internal Std","Heavy Isoleucine",133.114,69.1533,"#N/A","#N/A","#N/A","#N/A","#N/A","#N/A"
"473","160802_Blk_0801_FilterBlank","Internal Std","Heavy Isoleucine",133.114,69.1533,"8.08","1612769","0","7.51","8.5","87922"
"474","160802_Blk_9","Internal Std","Heavy Isoleucine",133.114,69.1533,"8.11","12852","0","8.06","8.18","4286"
"475","160802_Poo_0801_PooledDiatoms_1","Internal Std","Heavy Isoleucine",133.114,69.1533,"#N/A","#N/A","#N/A","#N/A","#N/A","#N/A"
"476","160802_Poo_0801_PooledDiatoms_2","Internal Std","Heavy Isoleucine",133.114,69.1533,"#N/A","#N/A","#N/A","#N/A","#N/A","#N/A"
"477","160802_Poo_0801_PooledDiatoms_3","Internal Std","Heavy Isoleucine",133.114,69.1533,"8.23","528164","50818","7.92","8.82","34287"
"478","160802_Smp_Np12","Internal Std","Heavy Isoleucine",133.114,69.1533,"8.06","2347612","0","7.19","8.84","111530"
"479","160802_Smp_Np34","Internal Std","Heavy Isoleucine",133.114,69.1533,"8.02","2996690","89008","7.22","8.77","161098"
"480","160802_Smp_NP56","Internal Std","Heavy Isoleucine",133.114,69.1533,"7.96","2119265","0","7.18","8.65","110503"
"481","160802_Smp_Pt2","Internal Std","Heavy Isoleucine",133.114,69.1533,"8.27","751475","0","7.95","8.74","63999"
"482","160802_Smp_Pt34","Internal Std","Heavy Isoleucine",133.114,69.1533,"8.23","440626","4579","7.95","8.77","28163"
"483","160802_Smp_Pt56","Internal Std","Heavy Isoleucine",133.114,69.1533,"8.13","465090","0","7.98","8.82","23279"
"484","160802_Smp_Tp12","Internal Std","Heavy Isoleucine",133.114,69.1533,"8.36","485446","0","7.95","8.94","29593"
"485","160802_Smp_Tp34","Internal Std","Heavy Isoleucine",133.114,69.1533,"#N/A","#N/A","#N/A","#N/A","#N/A","#N/A"
"486","160802_Smp_TP56","Internal Std","Heavy Isoleucine",133.114,69.1533,"8.25","410801","0","7.95","8.95","32052"
"487","160802_Std_StdsInDiatomMatrix_1","Energy charge","AMP",346.096,97.0042,"12.04","6513060","11561","11.58","12.69","408782"
"488","160802_Std_StdsInDiatomMatrix_2","Energy charge","AMP",346.096,97.0042,"11.78","8222349","7173","11.27","12.13","617413"
"489","160802_Std_StdsInWater_5","Energy charge","AMP",346.096,97.0042,"12.09","3455821","0","11.7","12.49","205283"
"490","160802_Std_StdsInWater_6","Energy charge","AMP",346.096,97.0042,"11.7","5825392","0","11.24","12.11","363906"
"491","160802_Blk_0801_FilterBlank","Energy charge","AMP",346.096,97.0042,"14.18","13481","0","14.15","14.22","5683"
"492","160802_Blk_9","Energy charge","AMP",346.096,97.0042,"#N/A","#N/A","#N/A","#N/A","#N/A","#N/A"
"493","160802_Poo_0801_PooledDiatoms_1","Energy charge","AMP",346.096,97.0042,"11.81","7046245","8245","11.44","12.36","587750"
"494","160802_Poo_0801_PooledDiatoms_2","Energy charge","AMP",346.096,97.0042,"11.85","7389855","67641","11.4","12.29","534794"
"495","160802_Poo_0801_PooledDiatoms_3","Energy charge","AMP",346.096,97.0042,"11.82","6760132","63702","11.38","12.25","544032"
"496","160802_Smp_Np12","Energy charge","AMP",346.096,97.0042,"11.89","3680523","2415","11.63","12.42","230174"
"497","160802_Smp_Np34","Energy charge","AMP",346.096,97.0042,"11.96","2982705","3715","11.65","12.29","196922"
"498","160802_Smp_NP56","Energy charge","AMP",346.096,97.0042,"11.85","3414250","257","11.52","12.38","217288"
"499","160802_Smp_Pt2","Energy charge","AMP",346.096,97.0042,"11.93","2754465","86010","11.62","12.31","252993"
"500","160802_Smp_Pt34","Energy charge","AMP",346.096,97.0042,"11.89","5792799","24523","11.54","12.29","384669"
"501","160802_Smp_Pt56","Energy charge","AMP",346.096,97.0042,"11.91","6625268","113801","11.54","12.4","490694"
"502","160802_Smp_Tp12","Energy charge","AMP",346.096,97.0042,"11.98","7136450","59506","11.63","12.38","522560"
"503","160802_Smp_Tp34","Energy charge","AMP",346.096,97.0042,"11.85","6463169","61104","11.6","12.27","447649"
"504","160802_Smp_TP56","Energy charge","AMP",346.096,97.0042,"11.84","9109275","1217","11.42","12.4","582545"
"505","160802_Std_StdsInDiatomMatrix_1","Energy charge","AMP",346.096,78.988,"12.02","9739420","19858","11.58","12.69","718344"
"506","160802_Std_StdsInDiatomMatrix_2","Energy charge","AMP",346.096,78.988,"11.76","12164678","24576","11.27","12.13","878380"
"507","160802_Std_StdsInWater_5","Energy charge","AMP",346.096,78.988,"12.01","5131953","3727","11.7","12.49","325626"
"508","160802_Std_StdsInWater_6","Energy charge","AMP",346.096,78.988,"11.74","9349450","28879","11.24","12.11","531484"
"509","160802_Blk_0801_FilterBlank","Energy charge","AMP",346.096,78.988,"#N/A","#N/A","#N/A","#N/A","#N/A","#N/A"
"510","160802_Blk_9","Energy charge","AMP",346.096,78.988,"11.38","2087","0","11.34","11.51","536"
"511","160802_Poo_0801_PooledDiatoms_1","Energy charge","AMP",346.096,78.988,"11.85","10613575","42090","11.44","12.36","638144"
"512","160802_Poo_0801_PooledDiatoms_2","Energy charge","AMP",346.096,78.988,"11.85","10054322","123982","11.4","12.29","693768"
"513","160802_Poo_0801_PooledDiatoms_3","Energy charge","AMP",346.096,78.988,"11.82","11173118","142537","11.38","12.25","750424"
"514","160802_Smp_Np12","Energy charge","AMP",346.096,78.988,"11.98","6177157","0","11.63","12.42","427083"
"515","160802_Smp_Np34","Energy charge","AMP",346.096,78.988,"11.94","4312243","19960","11.65","12.29","356984"
"516","160802_Smp_NP56","Energy charge","AMP",346.096,78.988,"11.85","4822410","711","11.52","12.38","345609"
"517","160802_Smp_Pt2","Energy charge","AMP",346.096,78.988,"11.95","4244733","25152","11.62","12.31","359000"
"518","160802_Smp_Pt34","Energy charge","AMP",346.096,78.988,"11.93","8272897","58097","11.54","12.29","565333"
"519","160802_Smp_Pt56","Energy charge","AMP",346.096,78.988,"11.91","10233014","137373","11.54","12.4","719618"
"520","160802_Smp_Tp12","Energy charge","AMP",346.096,78.988,"11.96","10777365","118329","11.63","12.38","755342"
"521","160802_Smp_Tp34","Energy charge","AMP",346.096,78.988,"11.89","10842141","161086","11.6","12.27","884951"
"522","160802_Smp_TP56","Energy charge","AMP",346.096,78.988,"11.85","13401723","147036","11.42","12.4","869488"
"523","160802_Std_StdsInDiatomMatrix_1","Calvin cycle intermediate","DHAP",169.032,97.076,"14.45","1599017","0","12.6","14.69","66519"
"524","160802_Std_StdsInDiatomMatrix_2","Calvin cycle intermediate","DHAP",169.032,97.076,"14.25","2094751","11367","11.65","14.51","62812"
"525","160802_Std_StdsInWater_5","Calvin cycle intermediate","DHAP",169.032,97.076,"13.59","765440","0","12.31","14.73","27670"
"526","160802_Std_StdsInWater_6","Calvin cycle intermediate","DHAP",169.032,97.076,"14.17","1720944","0","12.31","14.43","50042"
"527","160802_Blk_0801_FilterBlank","Calvin cycle intermediate","DHAP",169.032,97.076,"13.27","7030","0","12.27","14.19","2693"
"528","160802_Blk_9","Calvin cycle intermediate","DHAP",169.032,97.076,"14.91","360","0","12.87","14.97","108"
"529","160802_Poo_0801_PooledDiatoms_1","Calvin cycle intermediate","DHAP",169.032,97.076,"14.05","565324","0","12.99","14.67","23948"
"530","160802_Poo_0801_PooledDiatoms_2","Calvin cycle intermediate","DHAP",169.032,97.076,"14.07","649811","1550","12.47","14.69","24772"
"531","160802_Poo_0801_PooledDiatoms_3","Calvin cycle intermediate","DHAP",169.032,97.076,"13.85","577387","7028","12.45","14.31","22932"
"532","160802_Smp_Np12","Calvin cycle intermediate","DHAP",169.032,97.076,"14","353029","0","13.09","14.79","19958"
"533","160802_Smp_Np34","Calvin cycle intermediate","DHAP",169.032,97.076,"14.04","235995","0","13.09","14.74","8760"
"534","160802_Smp_NP56","Calvin cycle intermediate","DHAP",169.032,97.076,"13.97","284644","0","12.59","14.53","13178"
"535","160802_Smp_Pt2","Calvin cycle intermediate","DHAP",169.032,97.076,"14.01","201441","0","13.05","14.43","10008"
"536","160802_Smp_Pt34","Calvin cycle intermediate","DHAP",169.032,97.076,"13.31","779985","4547","12.59","14.81","29060"
"537","160802_Smp_Pt56","Calvin cycle intermediate","DHAP",169.032,97.076,"14.09","731157","0","13.09","15.07","21340"
"538","160802_Smp_Tp12","Calvin cycle intermediate","DHAP",169.032,97.076,"13.57","492586","0","13.17","14.55","16019"
"539","160802_Smp_Tp34","Calvin cycle intermediate","DHAP",169.032,97.076,"13.95","429865","0","13.09","15.09","14674"
"540","160802_Smp_TP56","Calvin cycle intermediate","DHAP",169.032,97.076,"14.03","590192","1378","12.49","14.91","21077"
"541","160802_Std_StdsInDiatomMatrix_1","Calvin cycle intermediate","DHAP",169.032,79.0574,"13.44","200148","0","12.6","14.69","14597"
"542","160802_Std_StdsInDiatomMatrix_2","Calvin cycle intermediate","DHAP",169.032,79.0574,"13.15","277633","0","11.65","14.51","11883"
"543","160802_Std_StdsInWater_5","Calvin cycle intermediate","DHAP",169.032,79.0574,"13.49","68787","0","12.31","14.73","5791"
"544","160802_Std_StdsInWater_6","Calvin cycle intermediate","DHAP",169.032,79.0574,"13.27","241105","0","12.31","14.43","11855"
"545","160802_Blk_0801_FilterBlank","Calvin cycle intermediate","DHAP",169.032,79.0574,"12.27","0","0","12.27","14.19","0"
"546","160802_Blk_9","Calvin cycle intermediate","DHAP",169.032,79.0574,"14.81","12216","0","12.87","14.97","6291"
"547","160802_Poo_0801_PooledDiatoms_1","Calvin cycle intermediate","DHAP",169.032,79.0574,"13.41","92645","0","12.99","14.67","7169"
"548","160802_Poo_0801_PooledDiatoms_2","Calvin cycle intermediate","DHAP",169.032,79.0574,"13.29","91842","0","12.47","14.69","7063"
"549","160802_Poo_0801_PooledDiatoms_3","Calvin cycle intermediate","DHAP",169.032,79.0574,"13.25","46704","0","12.45","14.31","6380"
"550","160802_Smp_Np12","Calvin cycle intermediate","DHAP",169.032,79.0574,"14.08","28477","0","13.09","14.79","2057"
"551","160802_Smp_Np34","Calvin cycle intermediate","DHAP",169.032,79.0574,"13.98","18312","0","13.09","14.74","2487"
"552","160802_Smp_NP56","Calvin cycle intermediate","DHAP",169.032,79.0574,"13.91","31740","0","12.59","14.53","4219"
"553","160802_Smp_Pt2","Calvin cycle intermediate","DHAP",169.032,79.0574,"14.37","21028","1281","13.05","14.43","3562"
"554","160802_Smp_Pt34","Calvin cycle intermediate","DHAP",169.032,79.0574,"13.73","76705","0","12.59","14.81","7330"
"555","160802_Smp_Pt56","Calvin cycle intermediate","DHAP",169.032,79.0574,"14.09","136533","0","13.09","15.07","12509"
"556","160802_Smp_Tp12","Calvin cycle intermediate","DHAP",169.032,79.0574,"13.49","69451","0","13.17","14.55","5175"
"557","160802_Smp_Tp34","Calvin cycle intermediate","DHAP",169.032,79.0574,"14.11","96788","0","13.09","15.09","7840"
"558","160802_Smp_TP56","Calvin cycle intermediate","DHAP",169.032,79.0574,"13.49","113799","0","12.49","14.91","7952"
"559","160802_Std_StdsInDiatomMatrix_1","Amino Acid derivative","Dimethyl Glycine",104.0242,58.1401,"8.88","1602369792","14021102","8.34","9.38","86275616"
"560","160802_Std_StdsInDiatomMatrix_2","Amino Acid derivative","Dimethyl Glycine",104.0242,58.1401,"8.78","1595050624","17742736","8.34","9.32","92296440"
"561","160802_Std_StdsInWater_5","Amino Acid derivative","Dimethyl Glycine",104.0242,58.1401,"8.81","1927705984","27891412","8.39","9.33","107299656"
"562","160802_Std_StdsInWater_6","Amino Acid derivative","Dimethyl Glycine",104.0242,58.1401,"8.71","2020171520","30168352","8.27","9.23","105469016"
"563","160802_Blk_0801_FilterBlank","Amino Acid derivative","Dimethyl Glycine",104.0242,58.1401,"8.81","4903224","7132257","8.59","9.11","268211"
"564","160802_Blk_9","Amino Acid derivative","Dimethyl Glycine",104.0242,58.1401,"9.23","4949096","12323146","8.73","9.65","158576"
"565","160802_Poo_0801_PooledDiatoms_1","Amino Acid derivative","Dimethyl Glycine",104.0242,58.1401,"8.83","111157968","2715388","8.11","9.53","5733330"
"566","160802_Poo_0801_PooledDiatoms_2","Amino Acid derivative","Dimethyl Glycine",104.0242,58.1401,"8.87","107125792","2710906","8.19","9.43","5230826"
"567","160802_Poo_0801_PooledDiatoms_3","Amino Acid derivative","Dimethyl Glycine",104.0242,58.1401,"8.83","106273008","1544828","8.41","9.47","5604441"
"568","160802_Smp_Np12","Amino Acid derivative","Dimethyl Glycine",104.0242,58.1401,"8.34","5073937","7854685","8.21","9.28","224682"
"569","160802_Smp_Np34","Amino Acid derivative","Dimethyl Glycine",104.0242,58.1401,"9.05","5334985","314228","8.77","9.59","206093"
"570","160802_Smp_NP56","Amino Acid derivative","Dimethyl Glycine",104.0242,58.1401,"8.62","1376271","2704250","8.57","8.99","116810"
"571","160802_Smp_Pt2","Amino Acid derivative","Dimethyl Glycine",104.0242,58.1401,"8.85","123278904","2534165","8.43","9.49","6646915"
"572","160802_Smp_Pt34","Amino Acid derivative","Dimethyl Glycine",104.0242,58.1401,"8.89","202620336","637594","8.41","9.55","10943809"
"573","160802_Smp_Pt56","Amino Acid derivative","Dimethyl Glycine",104.0242,58.1401,"8.85","229786384","1695368","8.29","9.43","12254117"
"574","160802_Smp_Tp12","Amino Acid derivative","Dimethyl Glycine",104.0242,58.1401,"8.89","149483440","1756088","8.17","9.41","7691297"
"575","160802_Smp_Tp34","Amino Acid derivative","Dimethyl Glycine",104.0242,58.1401,"8.85","144174512","2248956","8.17","9.53","7455628"
"576","160802_Smp_TP56","Amino Acid derivative","Dimethyl Glycine",104.0242,58.1401,"8.84","136676176","1569067","8.27","9.47","7106989"
"577","160802_Std_StdsInDiatomMatrix_1","Amino Acid derivative","Dimethyl Glycine",104.0242,44.1023,"8.88","11166680","0","8.34","9.38","674040"
"578","160802_Std_StdsInDiatomMatrix_2","Amino Acid derivative","Dimethyl Glycine",104.0242,44.1023,"8.86","10312233","1989","8.34","9.32","609987"
"579","160802_Std_StdsInWater_5","Amino Acid derivative","Dimethyl Glycine",104.0242,44.1023,"8.85","12411087","0","8.39","9.33","662945"
"580","160802_Std_StdsInWater_6","Amino Acid derivative","Dimethyl Glycine",104.0242,44.1023,"8.71","12859984","138349","8.27","9.23","657405"
"581","160802_Blk_0801_FilterBlank","Amino Acid derivative","Dimethyl Glycine",104.0242,44.1023,"8.74","130541","0","8.59","9.11","11238"
"582","160802_Blk_9","Amino Acid derivative","Dimethyl Glycine",104.0242,44.1023,"9.35","128564","0","8.73","9.65","9306"
"583","160802_Poo_0801_PooledDiatoms_1","Amino Acid derivative","Dimethyl Glycine",104.0242,44.1023,"8.79","566852","48608","8.11","9.53","51212"
"584","160802_Poo_0801_PooledDiatoms_2","Amino Acid derivative","Dimethyl Glycine",104.0242,44.1023,"8.87","653600","0","8.19","9.43","47154"
"585","160802_Poo_0801_PooledDiatoms_3","Amino Acid derivative","Dimethyl Glycine",104.0242,44.1023,"8.81","598979","0","8.41","9.47","44000"
"586","160802_Smp_Np12","Amino Acid derivative","Dimethyl Glycine",104.0242,44.1023,"8.34","68598","0","8.21","9.28","5283"
"587","160802_Smp_Np34","Amino Acid derivative","Dimethyl Glycine",104.0242,44.1023,"#N/A","#N/A","#N/A","#N/A","#N/A","#N/A"
"588","160802_Smp_NP56","Amino Acid derivative","Dimethyl Glycine",104.0242,44.1023,"#N/A","#N/A","#N/A","#N/A","#N/A","#N/A"
"589","160802_Smp_Pt2","Amino Acid derivative","Dimethyl Glycine",104.0242,44.1023,"8.87","779443","0","8.43","9.49","56044"
"590","160802_Smp_Pt34","Amino Acid derivative","Dimethyl Glycine",104.0242,44.1023,"8.77","1268604","5167","8.41","9.55","89042"
"591","160802_Smp_Pt56","Amino Acid derivative","Dimethyl Glycine",104.0242,44.1023,"8.92","1354114","798","8.29","9.43","64597"
"592","160802_Smp_Tp12","Amino Acid derivative","Dimethyl Glycine",104.0242,44.1023,"8.87","912377","5503","8.17","9.41","63120"
"593","160802_Smp_Tp34","Amino Acid derivative","Dimethyl Glycine",104.0242,44.1023,"8.89","768612","5808","8.17","9.53","65181"
"594","160802_Smp_TP56","Amino Acid derivative","Dimethyl Glycine",104.0242,44.1023,"8.92","690173","6996","8.27","9.47","48410"
"595","160802_Std_StdsInDiatomMatrix_1","Amino Acid","Lysine",147.085,130.1432,"17.86","20427804","1839178","17.44","18.88","829393"
"596","160802_Std_StdsInDiatomMatrix_2","Amino Acid","Lysine",147.085,130.1432,"18.03","35931380","2403718","17.62","18.97","1456687"
"597","160802_Std_StdsInWater_5","Amino Acid","Lysine",147.085,130.1432,"17.89","6693407","1092904","17.51","18.8","289674"
"598","160802_Std_StdsInWater_6","Amino Acid","Lysine",147.085,130.1432,"18.11","11083819","1520225","17.74","18.92","462171"
"599","160802_Blk_0801_FilterBlank","Amino Acid","Lysine",147.085,130.1432,"17.99","80022","1223737","17.36","19.13","2727"
"600","160802_Blk_9","Amino Acid","Lysine",147.085,130.1432,"18.12","926488","707456","16.9","18.68","14123"
"601","160802_Poo_0801_PooledDiatoms_1","Amino Acid","Lysine",147.085,130.1432,"17.91","61885624","3466152","17.45","18.98","2186825"
"602","160802_Poo_0801_PooledDiatoms_2","Amino Acid","Lysine",147.085,130.1432,"17.92","64762416","3485667","17.46","18.99","2315544"
"603","160802_Poo_0801_PooledDiatoms_3","Amino Acid","Lysine",147.085,130.1432,"17.91","67060788","3615310","17.47","19.04","2452640"
"604","160802_Smp_Np12","Amino Acid","Lysine",147.085,130.1432,"17.82","8612038","1253176","17.27","19.09","219045"
"605","160802_Smp_Np34","Amino Acid","Lysine",147.085,130.1432,"17.91","6707739","1363755","17.36","19.18","167251"
"606","160802_Smp_NP56","Amino Acid","Lysine",147.085,130.1432,"17.95","7770358","1346537","17.34","19.07","200757"
"607","160802_Smp_Pt2","Amino Acid","Lysine",147.085,130.1432,"17.86","27198088","2426081","17.41","18.99","919036"
"608","160802_Smp_Pt34","Amino Acid","Lysine",147.085,130.1432,"17.83","69077600","3570974","17.39","19.01","2448985"
"609","160802_Smp_Pt56","Amino Acid","Lysine",147.085,130.1432,"17.89","85057880","4193735","17.42","19","3238461"
"610","160802_Smp_Tp12","Amino Acid","Lysine",147.085,130.1432,"17.8","47304672","1765966","17.33","18.76","1795764"
"611","160802_Smp_Tp34","Amino Acid","Lysine",147.085,130.1432,"17.84","56306532","2065520","17.39","18.83","2041943"
"612","160802_Smp_TP56","Amino Acid","Lysine",147.085,130.1432,"17.93","70706560","2212616","17.42","18.85","2538074"
"613","160802_Std_StdsInDiatomMatrix_1","Amino Acid","Lysine",147.085,84.145,"17.84","36914804","1516699","17.44","18.88","1478782"
"614","160802_Std_StdsInDiatomMatrix_2","Amino Acid","Lysine",147.085,84.145,"18.04","64960732","1765880","17.62","18.97","2701026"
"615","160802_Std_StdsInWater_5","Amino Acid","Lysine",147.085,84.145,"17.91","12357167","277028","17.51","18.8","546790"
"616","160802_Std_StdsInWater_6","Amino Acid","Lysine",147.085,84.145,"18.11","19887724","995373","17.74","18.92","845808"
"617","160802_Blk_0801_FilterBlank","Amino Acid","Lysine",147.085,84.145,"18","97513","85075","17.36","19.13","2734"
"618","160802_Blk_9","Amino Acid","Lysine",147.085,84.145,"18.08","213727","100683","16.9","18.68","5082"
"619","160802_Poo_0801_PooledDiatoms_1","Amino Acid","Lysine",147.085,84.145,"17.91","111848488","3553897","17.45","18.98","4044655"
"620","160802_Poo_0801_PooledDiatoms_2","Amino Acid","Lysine",147.085,84.145,"17.94","116692840","3191456","17.46","18.99","4150224"
"621","160802_Poo_0801_PooledDiatoms_3","Amino Acid","Lysine",147.085,84.145,"17.88","120044664","3720872","17.47","19.04","4259891"
"622","160802_Smp_Np12","Amino Acid","Lysine",147.085,84.145,"17.88","13969832","278293","17.27","19.09","379532"
"623","160802_Smp_Np34","Amino Acid","Lysine",147.085,84.145,"17.88","11002475","366726","17.36","19.18","314946"
"624","160802_Smp_NP56","Amino Acid","Lysine",147.085,84.145,"17.95","12793187","328504","17.34","19.07","360771"
"625","160802_Smp_Pt2","Amino Acid","Lysine",147.085,84.145,"17.88","47264212","1963915","17.41","18.99","1639069"
"626","160802_Smp_Pt34","Amino Acid","Lysine",147.085,84.145,"17.87","124157848","3863611","17.39","19.01","4536436"
"627","160802_Smp_Pt56","Amino Acid","Lysine",147.085,84.145,"17.86","149500496","4973881","17.42","19","5725187"
"628","160802_Smp_Tp12","Amino Acid","Lysine",147.085,84.145,"17.84","87731504","1563849","17.33","18.76","3255483"
"629","160802_Smp_Tp34","Amino Acid","Lysine",147.085,84.145,"17.9","102662352","1959025","17.39","18.83","3758205"
"630","160802_Smp_TP56","Amino Acid","Lysine",147.085,84.145,"17.92","129250504","2053072","17.42","18.85","4806933"
"631","160802_Std_StdsInDiatomMatrix_1","Amino Acid","Methionine",150.085,133.0777,"8.15","95945064","1182159","7.43","8.69","3442793"
"632","160802_Std_StdsInDiatomMatrix_2","Amino Acid","Methionine",150.085,133.0777,"7.63","117226832","576387","6.95","8.39","3730589"
"633","160802_Std_StdsInWater_5","Amino Acid","Methionine",150.085,133.0777,"7.97","118647072","963777","7.47","8.55","5445642"
"634","160802_Std_StdsInWater_6","Amino Acid","Methionine",150.085,133.0777,"7.63","138363744","3220512","6.99","8.11","6807837"
"635","160802_Blk_0801_FilterBlank","Amino Acid","Methionine",150.085,133.0777,"8.07","494024","89440","7.49","8.47","16214"
"636","160802_Blk_9","Amino Acid","Methionine",150.085,133.0777,"8.53","316509","105991","7.77","8.67","19627"
"637","160802_Poo_0801_PooledDiatoms_1","Amino Acid","Methionine",150.085,133.0777,"7.69","36916352","428358","7","8.86","1033097"
"638","160802_Poo_0801_PooledDiatoms_2","Amino Acid","Methionine",150.085,133.0777,"7.59","37938196","153101","7.11","8.85","1183590"
"639","160802_Poo_0801_PooledDiatoms_3","Amino Acid","Methionine",150.085,133.0777,"7.59","39154992","416400","7.11","8.81","1287882"
"640","160802_Smp_Np12","Amino Acid","Methionine",150.085,133.0777,"8.05","29966118","422855","7.34","8.78","973857"
"641","160802_Smp_Np34","Amino Acid","Methionine",150.085,133.0777,"8","24152600","205816","7.31","8.81","666106"
"642","160802_Smp_NP56","Amino Acid","Methionine",150.085,133.0777,"7.93","24119660","60096","7.24","8.8","635219"
"643","160802_Smp_Pt2","Amino Acid","Methionine",150.085,133.0777,"8.25","20665514","129950","7.21","8.83","547478"
"644","160802_Smp_Pt34","Amino Acid","Methionine",150.085,133.0777,"8.33","33256874","403992","7.11","8.89","920426"
"645","160802_Smp_Pt56","Amino Acid","Methionine",150.085,133.0777,"8.24","34551524","464339","7.03","8.88","796961"
"646","160802_Smp_Tp12","Amino Acid","Methionine",150.085,133.0777,"8.37","33805596","563812","7.22","9.03","1217130"
"647","160802_Smp_Tp34","Amino Acid","Methionine",150.085,133.0777,"8.39","36071308","727641","7.21","8.89","993443"
"648","160802_Smp_TP56","Amino Acid","Methionine",150.085,133.0777,"7.61","39019276","55494","7.12","8.89","1137637"
"649","160802_Std_StdsInDiatomMatrix_1","Amino Acid","Methionine",150.085,104.125,"8.19","110584616","484923","7.43","8.69","4020983"
"650","160802_Std_StdsInDiatomMatrix_2","Amino Acid","Methionine",150.085,104.125,"7.65","138703024","473856","6.95","8.39","4610477"
"651","160802_Std_StdsInWater_5","Amino Acid","Methionine",150.085,104.125,"7.93","138763008","1948764","7.47","8.55","6295670"
"652","160802_Std_StdsInWater_6","Amino Acid","Methionine",150.085,104.125,"7.61","164533952","2080787","6.99","8.11","8429821"
"653","160802_Blk_0801_FilterBlank","Amino Acid","Methionine",150.085,104.125,"7.87","15384","0","7.49","8.47","2518"
"654","160802_Blk_9","Amino Acid","Methionine",150.085,104.125,"7.81","200","0","7.77","8.67","69"
"655","160802_Poo_0801_PooledDiatoms_1","Amino Acid","Methionine",150.085,104.125,"7.61","43111376","164839","7","8.86","1221622"
"656","160802_Poo_0801_PooledDiatoms_2","Amino Acid","Methionine",150.085,104.125,"7.61","43266912","312017","7.11","8.85","1357944"
"657","160802_Poo_0801_PooledDiatoms_3","Amino Acid","Methionine",150.085,104.125,"7.65","45483280","479276","7.11","8.81","1394257"
"658","160802_Smp_Np12","Amino Acid","Methionine",150.085,104.125,"8.05","33450830","337557","7.34","8.78","952765"
"659","160802_Smp_Np34","Amino Acid","Methionine",150.085,104.125,"8.03","28251390","129746","7.31","8.81","902587"
"660","160802_Smp_NP56","Amino Acid","Methionine",150.085,104.125,"7.91","28123074","0","7.24","8.8","774855"
"661","160802_Smp_Pt2","Amino Acid","Methionine",150.085,104.125,"8.33","24672552","0","7.21","8.83","682892"
"662","160802_Smp_Pt34","Amino Acid","Methionine",150.085,104.125,"8.37","38287820","45139","7.11","8.89","975138"
"663","160802_Smp_Pt56","Amino Acid","Methionine",150.085,104.125,"8.32","39174624","267375","7.03","8.88","969023"
"664","160802_Smp_Tp12","Amino Acid","Methionine",150.085,104.125,"8.37","38784040","366574","7.22","9.03","1480883"
"665","160802_Smp_Tp34","Amino Acid","Methionine",150.085,104.125,"8.39","41280848","5036","7.21","8.89","1168140"
"666","160802_Smp_TP56","Amino Acid","Methionine",150.085,104.125,"7.58","46408264","23698","7.12","8.89","1135018"
